,CurrentClinicName1,CurrentClinicCity,CurrentClinicState,Year,TotCycles1,TotCycles2,TotCycles3,TotCycles4,TotSuccess1,TotSuccess2,TotSuccess3,TotSuccess4
0,ALABAMA FERTILITY SPECIALISTS,BIRMINGHAM,ALABAMA,2017.0,30.0,11.0,12.0,1.0,33.3,18.181818181818183,33.333333333333336,0.0
1,ART FERTILITY PROGRAM OF ALABAMA,BIRMINGHAM,ALABAMA,2017.0,110.0,49.0,31.0,6.0,39.1,32.7,19.4,0.0
2,UNIVERSITY OF ALABAMA AT BIRMINGHAM,BIRMINGHAM,ALABAMA,2017.0,76.0,29.0,23.0,5.0,56.6,34.5,26.1,0.0
3,CENTER FOR REPRODUCTIVE MEDICINE,MOBILE,ALABAMA,2017.0,82.0,34.0,26.0,16.0,59.8,35.3,38.5,0.0
4,UNIVERSITY OF SOUTH ALABAMA IVF AND ART PROGRAM,MOBILE,ALABAMA,2017.0,15.0,6.0,4.0,3.0,40.0,0.0,0.0,0.0
5,NEW DIRECTION FERTILITY CENTERS,GILBERT,ARIZONA,2017.0,224.0,106.0,53.0,36.0,63.8,47.2,39.6,5.6
6,TROCHÃ‰ FERTILITY CENTERS,GLENDALE,ARIZONA,2017.0,42.0,33.0,16.0,2.0,54.8,54.5,12.5,50.0
7,"ARIZONA REPRODUCTIVE MEDICINE SPECIALISTS, LLC",PHOENIX,ARIZONA,2017.0,56.0,38.0,32.0,8.0,55.4,36.8,15.6,0.0
8,GONDRA CENTER FOR REPRODUCTIVE CARE & ADVANCED GYNECOLOGY,PHOENIX,ARIZONA,2017.0,3.0,0.0,0.0,1.0,66.66666666666667,0.0,0.0,100.0
9,SOUTHWEST FERTILITY CENTER,PHOENIX,ARIZONA,2017.0,28.0,12.0,15.0,4.0,42.9,58.333333333333336,20.0,50.0
10,"ADVANCED FERTILITY CARE, PLLC",SCOTTSDALE,ARIZONA,2017.0,100.0,66.0,45.0,18.0,59.0,43.9,31.1,22.22222222222222
11,ARIZONA ASSOCIATES FOR REPRODUCTIVE HEALTH,SCOTTSDALE,ARIZONA,2017.0,56.0,25.0,23.0,6.0,51.8,32.0,34.8,16.666666666666668
12,ARIZONA CENTER FOR FERTILITY STUDIES,SCOTTSDALE,ARIZONA,2017.0,12.0,8.0,9.0,5.0,33.333333333333336,50.0,55.55555555555556,20.0
13,BLOOM REPRODUCTIVE INSTITUTE,SCOTTSDALE,ARIZONA,2017.0,88.0,66.0,54.0,29.0,55.7,42.4,18.5,3.4
14,"BOSTON IVF, THE ARIZONA CENTER, LLC",SCOTTSDALE,ARIZONA,2017.0,50.0,30.0,24.0,7.0,58.0,40.0,16.7,14.285714285714286
15,IVF PHOENIX,SCOTTSDALE,ARIZONA,2017.0,55.0,28.0,23.0,13.0,18.2,10.7,0.0,7.6923076923076925
16,"FERTILITY TREATMENT CENTER, PC",TEMPE,ARIZONA,2017.0,86.0,59.0,62.0,30.0,47.7,39.0,17.7,10.0
17,ARIZONA CENTER FOR REPRODUCTIVE ENDOCRINOLOGY AND INFERTILITY,TUCSON,ARIZONA,2017.0,67.0,30.0,24.0,9.0,55.2,30.0,12.5,11.11111111111111
18,ARIZONA REPRODUCTIVE INSTITUTE,TUCSON,ARIZONA,2017.0,83.0,52.0,23.0,10.0,60.2,30.8,13.0,0.0
19,REPRODUCTIVE HEALTH CENTER,TUCSON,ARIZONA,2017.0,51.0,20.0,15.0,9.0,33.3,20.0,13.333333333333334,22.22222222222222
20,ARKANSAS FERTILITY CENTER,LITTLE ROCK,ARKANSAS,2017.0,108.0,47.0,18.0,6.0,52.8,29.8,27.77777777777778,16.666666666666668
21,LIFESTART FERTILITY CENTER,AGOURA HILLS,CALIFORNIA,2017.0,3.0,0.0,4.0,1.0,33.333333333333336,0.0,25.0,0.0
22,ALTA BATES IN VITRO FERTILIZATION PROGRAM,BERKELEY,CALIFORNIA,2017.0,7.0,2.0,8.0,3.0,42.857142857142854,100.0,12.5,0.0
23,CENTER FOR REPRODUCTIVE HEALTH & GYNECOLOGY,BEVERLY HILLS,CALIFORNIA,2017.0,11.0,10.0,19.0,4.0,63.63636363636363,50.0,26.31578947368421,50.0
24,SOUTHERN CALIFORNIA REPRODUCTIVE CENTER,BEVERLY HILLS,CALIFORNIA,2017.0,149.0,81.0,102.0,64.0,41.6,30.9,21.6,14.1
25,FERTILITY CARE OF ORANGE COUNTY,BREA,CALIFORNIA,2017.0,27.0,18.0,27.0,15.0,48.1,50.0,14.8,0.0
26,CENTRAL CALIFORNIA IVF PROGRAM,CLOVIS,CALIFORNIA,2017.0,78.0,42.0,26.0,9.0,51.3,38.1,30.8,0.0
27,CALIFORNIA CENTER FOR REPRODUCTIVE MEDICINE,ENCINITAS,CALIFORNIA,2017.0,12.0,6.0,5.0,3.0,66.66666666666667,33.333333333333336,60.0,33.333333333333336
28,HRC FERTILITY-ENCINO,ENCINO,CALIFORNIA,2017.0,126.0,110.0,110.0,64.0,74.6,44.5,34.5,17.2
29,LOS ANGELES REPRODUCTIVE CENTER (LARC),ENCINO,CALIFORNIA,2017.0,15.0,14.0,15.0,6.0,33.333333333333336,7.142857142857143,13.333333333333334,0.0
30,WESTERN FERTILITY INSTITUTE,ENCINO,CALIFORNIA,2017.0,30.0,30.0,21.0,31.0,53.3,43.3,28.6,19.4
31,ZOUVES FERTILITY CENTER,FOSTER CITY,CALIFORNIA,2017.0,108.0,75.0,108.0,53.0,39.8,29.3,19.4,7.5
32,WEST COAST FERTILITY CENTER,FOUNTAIN VALLEY,CALIFORNIA,2017.0,26.0,18.0,21.0,9.0,38.5,22.22222222222222,14.3,11.11111111111111
33,XPERT FERTILITY CARE OF CALIFORNIA,FOUNTAIN VALLEY,CALIFORNIA,2017.0,7.0,2.0,5.0,3.0,85.71428571428571,0.0,40.0,33.333333333333336
34,KAISER PERMANENTE CENTER FOR REPRODUCTIVE HEALTH-FREMONT,FREMONT,CALIFORNIA,2017.0,276.0,204.0,170.0,90.0,66.3,50.0,37.6,24.4
35,CARE FERTILITY,GLENDALE,CALIFORNIA,2017.0,65.0,42.0,59.0,17.0,52.3,33.3,22.0,11.764705882352942
36,MARIN FERTILITY CENTER,GREENBRAE,CALIFORNIA,2017.0,42.0,42.0,27.0,33.0,59.5,35.7,29.6,12.1
37,"COASTAL FERTILITY MEDICAL CENTER, INC.",IRVINE,CALIFORNIA,2017.0,48.0,43.0,44.0,7.0,18.8,23.3,6.8,0.0
38,FERTILITY CENTER OF SOUTHERN CALIFORNIA,IRVINE,CALIFORNIA,2017.0,28.0,24.0,21.0,22.0,71.4,58.3,42.9,31.8
39,LIFE IVF CENTER,IRVINE,CALIFORNIA,2017.0,272.0,294.0,511.0,345.0,27.6,17.7,7.8,3.5
40,REPRODUCTIVE FERTILITY CENTER,IRVINE,CALIFORNIA,2017.0,157.0,95.0,88.0,40.0,35.7,30.5,12.5,2.5
41,REPRODUCTIVE PARTNERS FERTILITY CENTER-SAN DIEGO,LA JOLLA,CALIFORNIA,2017.0,107.0,94.0,77.0,45.0,54.2,37.2,18.2,13.3
42,LOMA LINDA UNIVERSITY CENTER FOR FERTILITY AND IVF,LOMA LINDA,CALIFORNIA,2017.0,73.0,53.0,35.0,13.0,43.8,37.7,8.6,15.384615384615385
43,CALIFORNIA FERTILITY PARTNERS,LOS ANGELES,CALIFORNIA,2017.0,92.0,108.0,139.0,142.0,46.7,25.0,17.3,4.9
44,CEDARS SINAI MEDICAL CENTER,LOS ANGELES,CALIFORNIA,2017.0,20.0,16.0,16.0,20.0,40.0,18.75,31.25,5.0
45,CHA FERTILITY CENTER,LOS ANGELES,CALIFORNIA,2017.0,34.0,35.0,22.0,11.0,55.9,31.4,22.7,9.090909090909092
46,CMD FERTILITY,LOS ANGELES,CALIFORNIA,2017.0,18.0,22.0,34.0,10.0,50.0,40.9,20.6,20.0
47,PACIFIC FERTILITY CENTER-LOS ANGELES,LOS ANGELES,CALIFORNIA,2017.0,50.0,46.0,27.0,13.0,40.0,23.9,11.1,7.6923076923076925
48,UCLA FERTILITY CENTER,LOS ANGELES,CALIFORNIA,2017.0,35.0,16.0,20.0,14.0,51.4,18.75,35.0,7.142857142857143
49,USC FERTILITY,LOS ANGELES,CALIFORNIA,2017.0,82.0,93.0,88.0,59.0,53.7,33.3,29.5,15.3
50,CARE FOR THE BAY AREA,LOS GATOS,CALIFORNIA,2017.0,0.0,0.0,0.0,0.0,0.0,0.0,0.0,0.0
51,INNOVATIVE FERTILITY CENTER,MANHATTAN BEACH,CALIFORNIA,2017.0,10.0,15.0,16.0,4.0,80.0,40.0,50.0,25.0
52,CCRM SAN FRANCISCO,MENLO PARK,CALIFORNIA,2017.0,0.0,0.0,0.0,0.0,0.0,0.0,0.0,0.0
53,THE FERTILITY AND GYNECOLOGY CENTER,MONTEREY,CALIFORNIA,2017.0,21.0,15.0,15.0,10.0,61.9,40.0,20.0,0.0
54,NOVA IN VITRO FERTILIZATION,MOUNTAIN VIEW,CALIFORNIA,2017.0,88.0,96.0,105.0,52.0,39.8,37.5,20.0,13.5
55,HRC FERTILITY-ORANGE COUNTY,NEWPORT BEACH,CALIFORNIA,2017.0,259.0,135.0,136.0,63.0,56.8,51.1,35.3,22.2
56,NEWPORT FERTILITY CENTER,NEWPORT BEACH,CALIFORNIA,2017.0,31.0,40.0,40.0,18.0,51.6,37.5,40.0,11.11111111111111
57,OC FERTILITY,NEWPORT BEACH,CALIFORNIA,2017.0,29.0,16.0,15.0,8.0,58.6,50.0,46.666666666666664,37.5
58,SOUTHERN CALIFORNIA CENTER FOR REPRODUCTIVE MEDICINE,NEWPORT BEACH,CALIFORNIA,2017.0,85.0,81.0,90.0,43.0,63.5,49.4,31.1,9.3
59,LANE FERTILITY INSTITUTE,NOVATO,CALIFORNIA,2017.0,17.0,8.0,25.0,7.0,29.41176470588235,25.0,4.0,0.0
60,AMERICAN REPRODUCTIVE CENTERS,PALM SPRINGS,CALIFORNIA,2017.0,74.0,40.0,39.0,13.0,28.4,27.5,12.8,15.384615384615385
61,BAY IVF CENTER,PALO ALTO,CALIFORNIA,2017.0,46.0,24.0,34.0,9.0,54.3,45.8,17.6,11.11111111111111
62,HRC FERTILITY-PASADENA,PASADENA,CALIFORNIA,2017.0,494.0,328.0,328.0,171.0,41.9,32.0,16.8,5.8
63,"REPRODUCTIVE PARTNERS-BEVERLY HILLS, REDONDO BEACH & WESTMINSTER",REDONDO BEACH,CALIFORNIA,2017.0,205.0,221.0,261.0,181.0,46.8,38.9,19.2,9.9
64,NORTHERN CALIFORNIA FERTILITY MEDICAL CENTER,ROSEVILLE,CALIFORNIA,2017.0,179.0,83.0,92.0,32.0,59.8,38.6,23.9,21.9
65,CALIFORNIA IVF FERTILITY CENTER,SACRAMENTO,CALIFORNIA,2017.0,81.0,53.0,30.0,24.0,51.9,50.9,23.3,16.7
66,KAISER PERMANENTE CENTER FOR REPRODUCTIVE HEALTH-SACRAMENTO,SACRAMENTO,CALIFORNIA,2017.0,170.0,77.0,67.0,18.0,70.0,53.2,38.8,16.666666666666668
67,FERTILITY SPECIALISTS MEDICAL GROUP,SAN DIEGO,CALIFORNIA,2017.0,79.0,58.0,56.0,28.0,46.8,24.1,8.9,7.1
68,HANABUSA IVF,SAN DIEGO,CALIFORNIA,2017.0,16.0,18.0,45.0,66.0,31.25,11.11111111111111,6.7,9.1
69,NAVAL MEDICAL CENTER SAN DIEGO INFERTILITY CLINIC,SAN DIEGO,CALIFORNIA,2017.0,68.0,36.0,23.0,6.0,42.6,38.9,21.7,16.666666666666668
70,REPRODUCTIVE SCIENCES MEDICAL CENTER,SAN DIEGO,CALIFORNIA,2017.0,65.0,43.0,45.0,32.0,20.0,18.6,6.7,6.3
71,SAN DIEGO FERTILITY CENTER,SAN DIEGO,CALIFORNIA,2017.0,180.0,133.0,147.0,72.0,47.8,32.3,20.4,11.1
72,LAUREL FERTILITY CARE,SAN FRANCISCO,CALIFORNIA,2017.0,51.0,30.0,30.0,14.0,62.7,33.3,13.3,28.571428571428573
73,PACIFIC FERTILITY CENTER,SAN FRANCISCO,CALIFORNIA,2017.0,161.0,136.0,218.0,120.0,57.1,38.2,26.6,12.5
74,SPRING FERTILITY,SAN FRANCISCO,CALIFORNIA,2017.0,39.0,20.0,19.0,14.0,43.6,55.0,26.31578947368421,14.285714285714286
75,UCSF CENTER FOR REPRODUCTIVE HEALTH,SAN FRANCISCO,CALIFORNIA,2017.0,292.0,280.0,435.0,258.0,43.5,37.1,21.8,15.5
76,PALO ALTO MEDICAL FOUNDATION FERTILITY PHYSICIANS OF NORTHERN CALIFORNIA,SAN JOSE,CALIFORNIA,2017.0,129.0,109.0,124.0,76.0,50.4,45.9,28.2,11.8
77,REPRODUCTIVE SCIENCE CENTER OF THE SAN FRANCISCO BAY AREA,SAN RAMON,CALIFORNIA,2017.0,359.0,231.0,211.0,90.0,63.0,56.7,35.1,22.2
78,SANTA BARBARA FERTILITY CENTER,SANTA BARBARA,CALIFORNIA,2017.0,29.0,19.0,18.0,7.0,48.3,26.31578947368421,22.22222222222222,28.571428571428573
79,SANTA MONICA FERTILITY,SANTA MONICA,CALIFORNIA,2017.0,4.0,4.0,4.0,4.0,75.0,50.0,75.0,75.0
80,"ADVANCED FERTILITY ASSOCIATES MEDICAL GROUP, INC.",SANTA ROSA,CALIFORNIA,2017.0,45.0,21.0,16.0,19.0,57.8,38.1,37.5,5.2631578947368425
81,"VALLEY CENTER FOR REPRODUCTIVE HEALTH, INC.",SHERMAN OAKS,CALIFORNIA,2017.0,18.0,7.0,10.0,10.0,55.55555555555556,71.42857142857143,20.0,30.0
82,STANFORD MEDICINE FERTILITY & REPRODUCTIVE HEALTH,SUNNYVALE,CALIFORNIA,2017.0,198.0,160.0,182.0,102.0,42.4,31.9,13.7,6.9
83,THE CENTER FOR FERTILITY AND GYNECOLOGY,TARZANA,CALIFORNIA,2017.0,59.0,24.0,43.0,30.0,54.2,45.8,37.2,26.7
84,TREE OF LIFE CENTER FOR FERTILITY,TARZANA,CALIFORNIA,2017.0,5.0,5.0,10.0,2.0,60.0,20.0,30.0,50.0
85,FERTILITY AND SURGICAL ASSOCIATES OF CALIFORNIA,THOUSAND OAKS,CALIFORNIA,2017.0,113.0,129.0,135.0,79.0,53.1,45.0,20.0,15.2
86,PACIFIC REPRODUCTIVE CENTER,TORRANCE,CALIFORNIA,2017.0,104.0,46.0,44.0,23.0,54.8,45.7,25.0,4.3
87,UNIVERSITY FERTILITY CENTER,TORRANCE,CALIFORNIA,2017.0,46.0,34.0,42.0,20.0,45.7,38.2,28.6,0.0
88,CALIFORNIA CENTER FOR REPRODUCTIVE HEALTH,WEST HOLLYWOOD,CALIFORNIA,2017.0,105.0,86.0,101.0,56.0,52.4,44.2,26.7,16.1
89,HQA FERTILITY CENTERS,COLORADO SPRINGS,COLORADO,2017.0,138.0,55.0,33.0,22.0,36.2,29.1,15.2,9.1
90,ADVANCED REPRODUCTIVE MEDICINE,DENVER,COLORADO,2017.0,56.0,20.0,11.0,3.0,57.1,35.0,45.45454545454545,0.0
91,COLORADO REPRODUCTIVE ENDOCRINOLOGY,DENVER,COLORADO,2017.0,24.0,15.0,8.0,6.0,16.7,20.0,25.0,0.0
92,DENVER FERTILITY-ALBRECHT WOMEN'S CARE,ENGLEWOOD,COLORADO,2017.0,29.0,18.0,16.0,6.0,48.3,33.333333333333336,12.5,0.0
93,ROCKY MOUNTAIN CENTER FOR REPRODUCTIVE MEDICINE,FORT COLLINS,COLORADO,2017.0,24.0,16.0,10.0,1.0,66.7,56.25,40.0,0.0
94,CONCEPTIONS REPRODUCTIVE ASSOCIATES OF COLORADO,LITTLETON,COLORADO,2017.0,248.0,138.0,111.0,36.0,57.3,40.6,32.4,27.8
95,COLORADO CENTER FOR REPRODUCTIVE MEDICINE,LONE TREE,COLORADO,2017.0,509.0,377.0,448.0,281.0,56.2,45.6,30.6,17.1
96,ROCKY MOUNTAIN FERTILITY CENTER,PARKER,COLORADO,2017.0,46.0,21.0,10.0,2.0,56.5,47.6,10.0,100.0
97,CENTER FOR ADVANCED REPRODUCTIVE SERVICES,FARMINGTON,CONNECTICUT,2017.0,452.0,202.0,196.0,110.0,55.1,46.0,24.0,10.9
98,"GREENWICH FERTILITY AND IVF CENTER, PC",GREENWICH,CONNECTICUT,2017.0,119.0,89.0,74.0,47.0,46.2,47.2,16.2,10.6
99,YALE FERTILITY CENTER,NEW HAVEN,CONNECTICUT,2017.0,166.0,92.0,108.0,61.0,49.4,35.9,34.3,11.5
100,REPRODUCTIVE MEDICINE ASSOCIATES OF CONNECTICUT,NORWALK,CONNECTICUT,2017.0,251.0,161.0,235.0,96.0,48.2,38.5,18.7,16.7
101,NEW ENGLAND FERTILITY INSTITUTE,STAMFORD,CONNECTICUT,2017.0,47.0,29.0,55.0,15.0,44.7,37.9,9.1,13.333333333333334
102,PARK AVENUE FERTILITY AND REPRODUCTIVE MEDICINE,TRUMBULL,CONNECTICUT,2017.0,49.0,35.0,36.0,16.0,57.1,17.1,16.7,12.5
103,"DELAWARE INSTITUTE FOR REPRODUCTIVE MEDICINE, PA",NEWARK,DELAWARE,2017.0,68.0,35.0,35.0,10.0,33.8,28.6,2.9,0.0
104,REPRODUCTIVE ASSOCIATES OF DELAWARE,NEWARK,DELAWARE,2017.0,143.0,34.0,63.0,20.0,62.2,58.8,22.2,10.0
105,COLUMBIA FERTILITY ASSOCIATES,WASHINGTON,DISTRICT OF COLUMBIA,2017.0,103.0,116.0,122.0,70.0,31.1,19.0,13.1,7.1
106,GEORGE WASHINGTON UNIVERSITY MEDICAL FACULTY ASSOCIATES,WASHINGTON,DISTRICT OF COLUMBIA,2017.0,54.0,73.0,65.0,34.0,33.3,26.0,16.9,2.9
107,BOCAFERTILITY,BOCA RATON,FLORIDA,2017.0,29.0,19.0,20.0,6.0,41.4,36.8421052631579,25.0,16.666666666666668
108,PALM BEACH FERTILITY CENTER,BOCA RATON,FLORIDA,2017.0,35.0,24.0,12.0,8.0,40.0,25.0,16.666666666666668,0.0
109,POLCZ FERTILITY CENTER,BOYNTON BEACH,FLORIDA,2017.0,7.0,3.0,4.0,0.0,57.142857142857146,33.333333333333336,50.0,0.0
110,FLORIDA FERTILITY INSTITUTE,CLEARWATER,FLORIDA,2017.0,80.0,30.0,27.0,5.0,42.5,23.3,25.9,0.0
111,CONCEPTIONS FLORIDA: CENTER FOR FERTILITY AND GENETICS,CORAL GABLES,FLORIDA,2017.0,59.0,34.0,52.0,18.0,39.0,26.5,25.0,16.666666666666668
112,"SOUTHWEST FLORIDA FERTILITY CENTER, PA",FORT MYERS,FLORIDA,2017.0,20.0,10.0,16.0,15.0,55.0,40.0,25.0,6.666666666666667
113,"SPECIALISTS IN REPRODUCTIVE MEDICINE AND SURGERY, PA",FORT MYERS,FLORIDA,2017.0,43.0,20.0,9.0,4.0,55.8,30.0,22.22222222222222,0.0
114,UF HEALTH REPRODUCTIVE MEDICINE AT SPRINGHILL,GAINESVILLE,FLORIDA,2017.0,23.0,16.0,9.0,2.0,52.2,37.5,33.333333333333336,50.0
115,ASSISTED FERTILITY PROGRAM,JACKSONVILLE,FLORIDA,2017.0,26.0,8.0,12.0,5.0,46.2,37.5,25.0,20.0
116,BROWN FERTILITY,JACKSONVILLE,FLORIDA,2017.0,145.0,69.0,47.0,16.0,51.0,50.7,34.0,12.5
117,FLORIDA INSTITUTE FOR REPRODUCTIVE MEDICINE,JACKSONVILLE,FLORIDA,2017.0,201.0,84.0,48.0,35.0,63.7,39.3,27.1,5.7
118,JACKSONVILLE CENTER FOR REPRODUCTIVE MEDICINE,JACKSONVILLE,FLORIDA,2017.0,83.0,43.0,24.0,17.0,30.1,25.6,12.5,11.764705882352942
119,IVF FLORIDA REPRODUCTIVE ASSOCIATES,MARGATE,FLORIDA,2017.0,301.0,163.0,224.0,89.0,47.2,39.3,18.8,14.6
120,VIERA FERTILITY CENTER,MELBOURNE,FLORIDA,2017.0,29.0,11.0,9.0,2.0,24.1,9.090909090909092,11.11111111111111,50.0
121,"FERTILITY & IVF CENTER OF MIAMI, INC.",MIAMI,FLORIDA,2017.0,100.0,70.0,71.0,26.0,42.0,42.9,23.9,23.1
122,UNIVERSITY OF MIAMI INFERTILITY CENTER,MIAMI,FLORIDA,2017.0,57.0,43.0,39.0,16.0,59.6,30.2,25.6,25.0
123,"NEW LEADERS IN FERTILITY & ENDOCRINOLOGY, LLC",PENSACOLA,FLORIDA,2017.0,103.0,41.0,24.0,11.0,49.5,41.5,20.8,0.0
124,FERTILITY & GENETICS,PLANTATION,FLORIDA,2017.0,44.0,23.0,38.0,12.0,36.4,47.8,21.1,8.333333333333334
125,FERTILITY CENTER & APPLIED GENETICS OF FLORIDA,SARASOTA,FLORIDA,2017.0,38.0,25.0,28.0,10.0,57.9,40.0,14.3,10.0
126,IVFMD/SOUTH FLORIDA INSTITUTE FOR REPRODUCTIVE MEDICINE,SOUTH MIAMI,FLORIDA,2017.0,295.0,157.0,181.0,111.0,54.2,46.5,28.2,8.1
127,THE REPRODUCTIVE MEDICINE GROUP,TAMPA,FLORIDA,2017.0,209.0,97.0,76.0,43.0,58.9,39.2,25.0,7.0
128,UNIVERSITY OF SOUTH FLORIDA IVF,TAMPA,FLORIDA,2017.0,120.0,59.0,39.0,32.0,56.7,47.5,23.1,3.1
129,F.I.R.S.T.,WESTON,FLORIDA,2017.0,10.0,5.0,3.0,1.0,20.0,20.0,0.0,0.0
130,"ADVANCED REPRODUCTIVE SPECIALISTS, LLC",WINTER PARK,FLORIDA,2017.0,8.0,7.0,5.0,2.0,25.0,14.285714285714286,20.0,0.0
131,"CENTER FOR REPRODUCTIVE MEDICINE, PA",WINTER PARK,FLORIDA,2017.0,193.0,136.0,141.0,82.0,50.3,33.1,21.3,9.8
132,FERTILITY CARE,WINTER PARK,FLORIDA,2017.0,48.0,24.0,22.0,5.0,52.1,50.0,27.3,0.0
133,ATLANTA CENTER FOR REPRODUCTIVE MEDICINE,ATLANTA,GEORGIA,2017.0,268.0,149.0,148.0,65.0,48.9,34.9,16.9,9.2
134,EMORY REPRODUCTIVE CENTER,ATLANTA,GEORGIA,2017.0,115.0,66.0,61.0,25.0,62.6,51.5,29.5,20.0
135,REPRODUCTIVE BIOLOGY ASSOCIATES,ATLANTA,GEORGIA,2017.0,298.0,156.0,144.0,43.0,58.7,41.0,30.6,23.3
136,SHADY GROVE FERTILITY-ATLANTA,ATLANTA,GEORGIA,2017.0,92.0,61.0,43.0,20.0,64.1,41.0,37.2,15.0
137,REPRODUCTIVE MEDICINE AND INFERTILITY ASSOCIATES,AUGUSTA,GEORGIA,2017.0,47.0,16.0,9.0,6.0,72.3,62.5,22.22222222222222,50.0
138,SERVY MASSEY FERTILITY INSTITUTE,AUGUSTA,GEORGIA,2017.0,86.0,62.0,50.0,18.0,39.5,17.7,20.0,16.666666666666668
139,"COLUMBUS CENTER FOR REPRODUCTIVE ENDOCRINOLOGY AND INFERTILITY, LLC",COLUMBUS,GEORGIA,2017.0,64.0,7.0,13.0,4.0,45.3,42.857142857142854,30.76923076923077,25.0
140,THE GEORGIA CENTER FOR REPRODUCTIVE MEDICINE,SAVANNAH,GEORGIA,2017.0,79.0,29.0,17.0,8.0,60.8,48.3,11.764705882352942,37.5
141,ADVANCED REPRODUCTIVE CENTER OF HAWAII,HONOLULU,HAWAII,2017.0,45.0,16.0,20.0,15.0,48.9,12.5,40.0,20.0
142,FERTILITY INSTITUTE OF HAWAII,HONOLULU,HAWAII,2017.0,88.0,46.0,33.0,11.0,53.4,54.3,45.5,18.181818181818183
143,IVF HAWAII,HONOLULU,HAWAII,2017.0,22.0,26.0,32.0,12.0,45.5,50.0,31.3,16.666666666666668
144,PACIFIC IN VITRO FERTILIZATION INSTITUTE,HONOLULU,HAWAII,2017.0,44.0,38.0,28.0,30.0,40.9,31.6,25.0,6.7
145,TRIPLER ARMY MEDICAL CENTER IVF INSTITUTE,TRIPLER AMC,HAWAII,2017.0,43.0,14.0,5.0,6.0,48.8,35.714285714285715,0.0,16.666666666666668
146,IDAHO CENTER FOR REPRODUCTIVE MEDICINE,BOISE,IDAHO,2017.0,108.0,44.0,41.0,9.0,50.9,34.1,24.4,11.11111111111111
147,RUSH-COPLEY CENTER FOR REPRODUCTIVE HEALTH,AURORA,ILLINOIS,2017.0,58.0,29.0,26.0,13.0,34.5,3.4,0.0,0.0
148,FERTILITY CENTERS OF ILLINOIS-RIVER NORTH IVF,CHICAGO,ILLINOIS,2017.0,722.0,414.0,422.0,218.0,51.5,34.8,26.1,7.8
149,INSTITUTE FOR HUMAN REPRODUCTION (IHR),CHICAGO,ILLINOIS,2017.0,114.0,63.0,70.0,69.0,39.5,34.9,21.4,5.8
150,NORTHWESTERN FERTILITY AND REPRODUCTIVE MEDICINE,CHICAGO,ILLINOIS,2017.0,298.0,182.0,147.0,88.0,50.0,33.5,23.1,15.9
151,UNIVERSITY OF CHICAGO MEDICINE CENTER FOR REPRODUCTIVE MEDICINE AND FERTILITY,CHICAGO,ILLINOIS,2017.0,28.0,20.0,32.0,11.0,42.9,30.0,21.9,27.272727272727273
152,UNIVERSITY OF ILLINOIS AT CHICAGO IVF PROGRAM,CHICAGO,ILLINOIS,2017.0,61.0,28.0,40.0,18.0,36.1,28.6,22.5,5.555555555555555
153,VIOS FERTILITY INSTITUTE-CHICAGO,CHICAGO,ILLINOIS,2017.0,0.0,0.0,0.0,0.0,0.0,0.0,0.0,0.0
154,WOMEN'S HEALTH CONSULTANTS,CHICAGO,ILLINOIS,2017.0,47.0,44.0,27.0,27.0,31.9,29.5,25.9,7.4
155,CENTER FOR REPRODUCTIVE HEALTH/JOLIET IVF,CREST HILL,ILLINOIS,2017.0,57.0,22.0,18.0,6.0,45.6,40.9,0.0,16.666666666666668
156,MIDWEST FERTILITY CENTER,DOWNERS GROVE,ILLINOIS,2017.0,53.0,30.0,19.0,11.0,17.0,10.0,15.789473684210526,9.090909090909092
157,"DAVIES FERTILITY & IVF SPECIALISTS, SC",GLENVIEW,ILLINOIS,2017.0,104.0,41.0,45.0,26.0,41.3,36.6,20.0,11.5
158,ADVANCED FERTILITY CENTER OF CHICAGO,GURNEE,ILLINOIS,2017.0,266.0,90.0,112.0,39.0,66.9,51.1,30.4,23.1
159,FERTILITY CENTERS OF ILLINOIS-HIGHLAND PARK IVF CENTER,HIGHLAND PARK,ILLINOIS,2017.0,370.0,276.0,261.0,137.0,43.0,30.1,17.6,6.6
160,HINSDALE CENTER FOR REPRODUCTION,HINSDALE,ILLINOIS,2017.0,20.0,6.0,10.0,1.0,40.0,66.66666666666667,10.0,0.0
161,INVIA FERTILITY SPECIALISTS,HOFFMAN ESTATES,ILLINOIS,2017.0,167.0,84.0,59.0,26.0,61.7,42.9,25.4,7.7
162,THE ADVANCED IVF INSTITUTE,NAPERVILLE,ILLINOIS,2017.0,173.0,117.0,75.0,51.0,58.4,42.7,21.3,7.8
163,IVF1,NAPERVILLE,ILLINOIS,2017.0,139.0,84.0,62.0,39.0,61.2,44.0,27.4,23.1
164,REPRODUCTIVE MEDICINE INSTITUTE,OAK BROOK,ILLINOIS,2017.0,261.0,157.0,189.0,76.0,50.6,26.8,18.0,18.4
165,"DANIEL ROSTEIN, MD, SC",OAK BROOK,ILLINOIS,2017.0,0.0,0.0,1.0,0.0,0.0,0.0,0.0,0.0
166,ADVANCED REPRODUCTIVE CENTER,ROCKFORD,ILLINOIS,2017.0,51.0,20.0,15.0,8.0,54.9,55.0,26.666666666666668,12.5
167,CHICAGO IVF,SKOKIE,ILLINOIS,2017.0,186.0,90.0,71.0,38.0,31.7,17.8,12.7,0.0
168,NORTH SHORE FERTILITY,SKOKIE,ILLINOIS,2017.0,24.0,9.0,27.0,27.0,25.0,11.11111111111111,7.4,0.0
169,SOUTHERN ILLINOIS UNIVERSITY SCHOOL OF MEDICINE FERTILITY AND IVF CENTER,SPRINGFIELD,ILLINOIS,2017.0,81.0,37.0,16.0,10.0,64.2,37.8,37.5,20.0
170,VIOS FERTILITY INSTITUTE-SWANSEA,SWANSEA,ILLINOIS,2017.0,65.0,44.0,19.0,6.0,49.2,27.3,10.526315789473685,0.0
171,"SETH LEVRANT, MD, PC",TINLEY PARK,ILLINOIS,2017.0,29.0,9.0,12.0,3.0,55.2,22.22222222222222,25.0,0.0
172,MIDWEST FERTILITY SPECIALISTS,CARMEL,INDIANA,2017.0,309.0,116.0,76.0,26.0,39.2,25.0,11.8,7.7
173,"ADVANCED REPRODUCTION INSTITUTE, LLC",EVANSVILLE,INDIANA,2017.0,60.0,19.0,11.0,8.0,41.7,31.57894736842105,27.272727272727273,0.0
174,ADVANCED FERTILITY GROUP,INDIANAPOLIS,INDIANA,2017.0,31.0,17.0,13.0,3.0,51.6,47.05882352941177,15.384615384615385,33.333333333333336
175,COMMUNITY FERTILITY SPECIALTY CARE,INDIANAPOLIS,INDIANA,2017.0,49.0,23.0,15.0,4.0,44.9,30.4,6.666666666666667,0.0
176,"FAMILY BEGINNINGS, PC",INDIANAPOLIS,INDIANA,2017.0,75.0,30.0,36.0,4.0,21.3,3.3,2.8,0.0
177,HENRY FERTILITY DBA,INDIANAPOLIS,INDIANA,2017.0,62.0,14.0,8.0,7.0,72.6,28.571428571428573,25.0,14.285714285714286
178,INDIANA FERTILITY INSTITUTE,INDIANAPOLIS,INDIANA,2017.0,190.0,74.0,48.0,12.0,46.8,39.2,31.3,8.333333333333334
179,INDIANA UNIVERSITY HOSPITAL,INDIANAPOLIS,INDIANA,2017.0,0.0,2.0,0.0,0.0,0.0,50.0,0.0,0.0
180,BOSTON IVF AT THE WOMEN'S HOSPITAL,NEWBURGH,INDIANA,2017.0,123.0,34.0,37.0,5.0,62.6,29.4,40.5,0.0
181,"MID-IOWA FERTILITY, PC",CLIVE,IOWA,2017.0,200.0,60.0,47.0,10.0,49.0,50.0,21.3,10.0
182,UNIVERSITY OF IOWA HOSPITALS AND CLINICS,IOWA CITY,IOWA,2017.0,229.0,77.0,75.0,29.0,68.1,53.2,25.3,24.1
183,"MIDWEST REPRODUCTIVE CENTER, PA",OLATHE,KANSAS,2017.0,106.0,42.0,32.0,10.0,61.3,47.6,18.8,0.0
184,CENTER FOR ADVANCED REPRODUCTIVE MEDICINE,OVERLAND PARK,KANSAS,2017.0,156.0,50.0,48.0,14.0,60.3,42.0,22.9,35.714285714285715
185,REPRODUCTIVE RESOURCE CENTER OF GREATER KANSAS CITY,OVERLAND PARK,KANSAS,2017.0,133.0,39.0,18.0,2.0,61.7,28.2,27.77777777777778,0.0
186,THE CENTER FOR REPRODUCTIVE MEDICINE,WICHITA,KANSAS,2017.0,82.0,17.0,13.0,3.0,52.4,29.41176470588235,23.076923076923077,66.66666666666667
187,BLUEGRASS FERTILITY CENTER,LEXINGTON,KENTUCKY,2017.0,75.0,29.0,17.0,10.0,45.3,24.1,29.41176470588235,10.0
188,THE LEXINGTON FERTILITY CENTER,LEXINGTON,KENTUCKY,2017.0,13.0,3.0,3.0,1.0,61.53846153846154,33.333333333333336,0.0,0.0
189,FERTILITY AND ENDOCRINE ASSOCIATES,LOUISVILLE,KENTUCKY,2017.0,60.0,21.0,19.0,5.0,41.7,28.6,10.526315789473685,20.0
190,"KENTUCKY FERTILITY INSTITUTE, LLC",LOUISVILLE,KENTUCKY,2017.0,31.0,2.0,2.0,2.0,54.8,0.0,0.0,0.0
191,"FERTILITY ANSWERS, LLC-BATON ROUGE",BATON ROUGE,LOUISIANA,2017.0,48.0,22.0,5.0,3.0,41.7,22.7,0.0,33.333333333333336
192,"FERTILITY ANSWERS, LLC-LAFAYETTE",LAFAYETTE,LOUISIANA,2017.0,92.0,20.0,9.0,2.0,44.6,55.0,11.11111111111111,0.0
193,FERTILITY INSTITUTE OF NEW ORLEANS,MANDEVILLE,LOUISIANA,2017.0,203.0,118.0,72.0,22.0,44.3,26.3,20.8,9.1
194,AUDUBON FERTILITY,NEW ORLEANS,LOUISIANA,2017.0,106.0,29.0,53.0,7.0,63.2,31.0,17.0,14.285714285714286
195,ARKLATEX FERTILITY AND REPRODUCTIVE MEDICINE,SHREVEPORT,LOUISIANA,2017.0,67.0,24.0,15.0,5.0,38.8,33.3,33.333333333333336,20.0
196,"BOSTON IVF, LLC THE MAINE CENTER",SOUTH PORTLAND,MAINE,2017.0,101.0,54.0,43.0,33.0,60.4,51.9,18.6,3.0
197,"THE A.R.T. INSTITUTE OF WASHINGTON, INC.",BETHESDA,MARYLAND,2017.0,194.0,60.0,82.0,28.0,54.6,38.3,34.1,28.6
198,"ENDRIKA HINTON, MD",LUTHERVILLE,MARYLAND,2017.0,6.0,10.0,3.0,0.0,33.333333333333336,10.0,33.333333333333336,0.0
199,JOHNS HOPKINS FERTILITY CENTER,LUTHERVILLE,MARYLAND,2017.0,141.0,104.0,111.0,59.0,24.1,19.2,12.6,8.5
200,MONTGOMERY FERTILITY CENTER,ROCKVILLE,MARYLAND,2017.0,15.0,16.0,10.0,7.0,33.333333333333336,6.25,20.0,0.0
201,SHADY GROVE FERTILITY-ROCKVILLE,ROCKVILLE,MARYLAND,2017.0,1546.0,983.0,1054.0,569.0,56.7,43.3,28.1,16.2
202,FERTILITY CENTER OF MARYLAND,TOWSON,MARYLAND,2017.0,95.0,46.0,66.0,22.0,34.7,43.5,21.2,13.6
203,SHADY GROVE FERTILITY-TOWSON,TOWSON,MARYLAND,2017.0,567.0,265.0,261.0,91.0,51.5,40.0,21.1,9.9
204,BRIGHAM AND WOMEN'S HOSPITAL CENTER FOR ASSISTED REPRODUCTIVE TECHNOLOGY,BOSTON,MASSACHUSETTS,2017.0,420.0,272.0,294.0,140.0,52.1,46.7,30.3,15.0
205,MASSACHUSETTS GENERAL HOSPITAL FERTILITY CENTER,BOSTON,MASSACHUSETTS,2017.0,282.0,152.0,147.0,59.0,59.9,43.4,32.7,10.2
206,"FERTILITY SOLUTIONS, PC",DEDHAM,MASSACHUSETTS,2017.0,129.0,104.0,88.0,62.0,58.1,37.5,20.5,8.1
207,IVF NEW ENGLAND,LEXINGTON,MASSACHUSETTS,2017.0,737.0,441.0,314.0,180.0,56.7,46.0,32.8,14.4
208,CCRM BOSTON,NEWTON,MASSACHUSETTS,2017.0,0.0,0.0,0.0,0.0,0.0,0.0,0.0,0.0
209,"FERTILITY CENTERS OF NEW ENGLAND, INC.",READING,MASSACHUSETTS,2017.0,409.0,171.0,179.0,59.0,49.6,36.3,30.7,20.3
210,BAYSTATE REPRODUCTIVE MEDICINE,SPRINGFIELD,MASSACHUSETTS,2017.0,136.0,64.0,67.0,27.0,54.4,57.8,32.8,25.9
211,"CARDONE REPRODUCTIVE MEDICINE AND INFERTILITY, LLC",STONEHAM,MASSACHUSETTS,2017.0,46.0,36.0,50.0,27.0,45.7,36.1,18.0,22.2
212,"BOSTON IVF, LLC",WALTHAM,MASSACHUSETTS,2017.0,616.0,422.0,479.0,249.0,53.1,35.5,22.3,10.8
213,UNIVERSITY OF MICHIGAN CENTER FOR REPRODUCTIVE MEDICINE,ANN ARBOR,MICHIGAN,2017.0,177.0,74.0,60.0,34.0,41.8,28.4,16.7,2.9
214,"ADVANCED REPRODUCTIVE MEDICINE AND SURGERY, PC",BLOOMFIELD HILLS,MICHIGAN,2017.0,33.0,19.0,15.0,5.0,54.5,31.57894736842105,13.333333333333334,0.0
215,IVF MICHIGAN FERTILITY CENTERS,BLOOMFIELD HILLS,MICHIGAN,2017.0,378.0,158.0,97.0,27.0,57.4,38.6,28.9,3.7
216,MICHIGAN REPRODUCTIVE MEDICINE,BLOOMFIELD HILLS,MICHIGAN,2017.0,42.0,23.0,27.0,24.0,47.6,30.4,18.5,4.2
217,GAGO IVF,BRIGHTON,MICHIGAN,2017.0,41.0,18.0,21.0,6.0,43.9,33.333333333333336,23.8,33.333333333333336
218,"MICHIGAN REPRODUCTIVE & IVF CENTER, PC",GRAND RAPIDS,MICHIGAN,2017.0,321.0,118.0,94.0,45.0,56.4,38.1,21.3,8.9
219,"IVF MICHIGAN ROCHESTER HILLS & FLINT, PC",ROCHESTER HILLS,MICHIGAN,2017.0,134.0,54.0,70.0,17.0,53.0,50.0,22.9,5.882352941176471
220,WAYNE STATE UNIVERSITY PHYSICIAN GROUP,SOUTHFIELD,MICHIGAN,2017.0,23.0,13.0,6.0,2.0,43.5,61.53846153846154,16.666666666666668,0.0
221,HENRY FORD REPRODUCTIVE MEDICINE,TROY,MICHIGAN,2017.0,31.0,9.0,10.0,2.0,58.1,66.66666666666667,20.0,0.0
222,REPRODUCTIVE MEDICINE ASSOCIATES OF MICHIGAN,TROY,MICHIGAN,2017.0,126.0,68.0,61.0,24.0,57.9,44.1,23.0,16.7
223,"MICHIGAN CENTER FOR FERTILITY AND WOMEN'S HEALTH, PLC",WARREN,MICHIGAN,2017.0,71.0,28.0,23.0,10.0,62.0,46.4,30.4,30.0
224,CCRM MINNEAPOLIS,EDINA,MINNESOTA,2017.0,94.0,52.0,60.0,30.0,61.7,44.2,23.3,6.7
225,"THE MIDWEST CENTER FOR REPRODUCTIVE HEALTH, PA",MAPLE GROVE,MINNESOTA,2017.0,92.0,34.0,18.0,3.0,60.9,47.1,38.888888888888886,33.333333333333336
226,CENTER FOR REPRODUCTIVE MEDICINE,MINNEAPOLIS,MINNESOTA,2017.0,395.0,163.0,140.0,65.0,64.3,44.8,26.4,13.8
227,MAYO CLINIC ASSISTED REPRODUCTIVE TECHNOLOGIES,ROCHESTER,MINNESOTA,2017.0,140.0,55.0,43.0,12.0,51.4,29.1,30.2,16.666666666666668
228,REPRODUCTIVE MEDICINE & INFERTILITY ASSOCIATES,WOODBURY,MINNESOTA,2017.0,273.0,102.0,57.0,27.0,53.5,42.2,29.8,7.4
229,"MISSISSIPPI REPRODUCTIVE MEDICINE, PLLC",FLOWOOD,MISSISSIPPI,2017.0,58.0,30.0,7.0,7.0,50.0,20.0,42.857142857142854,0.0
230,UNIVERSITY OF MISSISSIPPI MEDICAL CENTER,FLOWOOD,MISSISSIPPI,2017.0,55.0,27.0,16.0,2.0,47.3,33.3,12.5,0.0
231,INFERTILITY CENTER OF ST. LOUIS,CHESTERFIELD,MISSOURI,2017.0,182.0,71.0,95.0,66.0,35.2,25.4,9.5,3.0
232,MISSOURI CENTER FOR REPRODUCTIVE MEDICINE,CHESTERFIELD,MISSOURI,2017.0,226.0,86.0,74.0,53.0,48.7,31.4,18.9,5.7
233,"MID-MISSOURI REPRODUCTIVE MEDICINE AND SURGERY, INC.",COLUMBIA,MISSOURI,2017.0,54.0,21.0,18.0,5.0,55.6,23.8,50.0,40.0
234,BLUE SKY FERTILITY,KANSAS CITY,MISSOURI,2017.0,0.0,0.0,0.0,0.0,0.0,0.0,0.0,0.0
235,MIDWEST WOMEN'S HEALTHCARE SPECIALISTS,KANSAS CITY,MISSOURI,2017.0,50.0,19.0,8.0,0.0,46.0,36.8421052631579,25.0,0.0
236,FERTILITY PARTNERSHIP,SAINT PETERS,MISSOURI,2017.0,48.0,21.0,14.0,7.0,47.9,52.4,14.285714285714286,14.285714285714286
237,CENTER FOR REPRODUCTIVE MEDICINE & ROBOTIC SURGERY,ST. LOUIS,MISSOURI,2017.0,28.0,14.0,4.0,4.0,42.9,14.285714285714286,25.0,0.0
238,FERTILITY AND REPRODUCTIVE MEDICINE CENTER,ST. LOUIS,MISSOURI,2017.0,265.0,133.0,74.0,35.0,52.1,35.3,33.8,17.1
239,SHER INSTITUTE FOR REPRODUCTIVE MEDICINE-ST. LOUIS,ST. LOUIS,MISSOURI,2017.0,161.0,62.0,50.0,21.0,52.8,37.1,14.0,19.0
240,BILLINGS CLINIC,BILLINGS,MONTANA,2017.0,74.0,24.0,17.0,5.0,68.9,62.5,23.529411764705884,20.0
241,REPRODUCTIVE HEALTH SPECIALISTS,ELKHORN,NEBRASKA,2017.0,174.0,58.0,33.0,14.0,60.9,32.8,30.3,21.428571428571427
242,"HEARTLAND CENTER FOR REPRODUCTIVE MEDICINE, PC",OMAHA,NEBRASKA,2017.0,149.0,42.0,25.0,7.0,55.7,38.1,4.0,14.285714285714286
243,GREEN VALLEY FERTILITY PARTNERS,HENDERSON,NEVADA,2017.0,80.0,23.0,38.0,12.0,47.5,26.1,28.9,16.666666666666668
244,FERTILITY CENTER OF LAS VEGAS,LAS VEGAS,NEVADA,2017.0,145.0,72.0,69.0,30.0,61.4,41.7,26.1,16.7
245,RED ROCK FERTILITY CENTER,LAS VEGAS,NEVADA,2017.0,64.0,44.0,23.0,18.0,59.4,27.3,26.1,11.11111111111111
246,SHER INSTITUTE FOR REPRODUCTIVE MEDICINE-LAS VEGAS,LAS VEGAS,NEVADA,2017.0,126.0,66.0,39.0,30.0,25.4,24.2,2.6,6.7
247,THE NEVADA CENTER FOR REPRODUCTIVE MEDICINE,RENO,NEVADA,2017.0,92.0,29.0,42.0,22.0,58.7,44.8,26.2,9.1
248,REPRODUCTIVE MEDICINE ASSOCIATES OF NEW JERSEY,BASKING RIDGE,NEW JERSEY,2017.0,1197.0,731.0,679.0,315.0,65.2,47.3,31.5,14.9
249,CLIFTON LOW COST IVF,CLIFTON,NEW JERSEY,2017.0,18.0,7.0,9.0,5.0,72.22222222222223,28.571428571428573,11.11111111111111,0.0
250,NJ BEST OB/GYN,CLIFTON,NEW JERSEY,2017.0,4.0,4.0,2.0,1.0,75.0,25.0,50.0,0.0
251,REPRODUCTIVE SCIENCE CENTER OF NEW JERSEY,EATONTOWN,NEW JERSEY,2017.0,99.0,40.0,39.0,17.0,47.5,42.5,15.4,11.764705882352942
252,CENTER FOR ADVANCED REPRODUCTIVE MEDICINE & FERTILITY,EDISON,NEW JERSEY,2017.0,105.0,51.0,42.0,24.0,47.6,41.2,14.3,16.7
253,WOMEN'S FERTILITY CENTER,ENGLEWOOD,NEW JERSEY,2017.0,19.0,11.0,10.0,14.0,15.789473684210526,63.63636363636363,20.0,7.142857142857143
254,NORTH HUDSON IVF,ENGLEWOOD CLIFFS,NEW JERSEY,2017.0,4.0,1.0,1.0,1.0,25.0,100.0,0.0,0.0
255,"UNIVERSITY REPRODUCTIVE ASSOCIATES, PC",HASBROUCK HEIGHTS,NEW JERSEY,2017.0,137.0,70.0,91.0,69.0,37.2,32.9,12.1,5.8
256,SHORE INSTITUTE FOR REPRODUCTIVE MEDICINE DBA,LAKEWOOD,NEW JERSEY,2017.0,45.0,30.0,24.0,8.0,37.8,26.7,12.5,0.0
257,"DELAWARE VALLEY OBGYN & INFERTILITY GROUP, PC",LAWRENCEVILLE,NEW JERSEY,2017.0,33.0,21.0,15.0,5.0,36.4,28.6,33.333333333333336,20.0
258,INSTITUTE FOR REPRODUCTIVE MEDICINE AND SCIENCE,LIVINGSTON,NEW JERSEY,2017.0,302.0,182.0,221.0,112.0,50.0,38.5,24.4,10.7
259,DELAWARE VALLEY INSTITUTE OF FERTILITY AND GENETICS,MARLTON,NEW JERSEY,2017.0,36.0,23.0,28.0,4.0,50.0,39.1,21.4,25.0
260,SOUTH JERSEY FERTILITY CENTER,MARLTON,NEW JERSEY,2017.0,176.0,84.0,59.0,26.0,47.2,40.5,35.6,11.5
261,DIAMOND INSTITUTE FOR INFERTILITY AND MENOPAUSE,MILLBURN,NEW JERSEY,2017.0,99.0,47.0,41.0,12.0,48.5,38.3,36.6,16.666666666666668
262,"COOPER INSTITUTE FOR REPRODUCTIVE HORMONAL DISORDERS, PC",MOUNT LAUREL,NEW JERSEY,2017.0,120.0,74.0,95.0,65.0,41.7,23.0,23.2,6.2
263,FERTILITY INSTITUTE OF NEW JERSEY AND NEW YORK,ORADELL,NEW JERSEY,2017.0,68.0,42.0,55.0,33.0,61.8,40.5,38.2,6.1
264,VALLEY HOSPITAL FERTILITY CENTER,PARAMUS,NEW JERSEY,2017.0,82.0,69.0,59.0,20.0,46.3,27.5,11.9,10.0
265,DAMIEN FERTILITY PARTNERS,SHREWSBURY,NEW JERSEY,2017.0,105.0,47.0,65.0,23.0,65.7,42.6,21.5,17.4
266,CENTER FOR REPRODUCTIVE MEDICINE AND FERTILITY,VOORHEES,NEW JERSEY,2017.0,47.0,28.0,16.0,14.0,42.6,53.6,43.75,0.0
267,"CAPERTON FERTILITY INSTITUTE, LLC",ALBUQUERQUE,NEW MEXICO,2017.0,20.0,14.0,6.0,10.0,50.0,14.285714285714286,0.0,10.0
268,"THE FERTILITY CENTER OF NEW MEXICO, LLC",ALBUQUERQUE,NEW MEXICO,2017.0,33.0,19.0,12.0,14.0,48.5,36.8421052631579,66.66666666666667,14.285714285714286
269,GENESIS FERTILITY & REPRODUCTIVE MEDICINE,BROOKLYN,NEW YORK,2017.0,132.0,93.0,105.0,52.0,43.9,34.4,10.5,5.8
270,KOFINAS FERTILITY GROUP,BROOKLYN,NEW YORK,2017.0,72.0,62.0,61.0,64.0,51.4,35.5,21.3,20.3
271,"INFERTILITY & IVF MEDICAL ASSOCIATES OF WESTERN NEW YORK, PLLC DBA",BUFFALO,NEW YORK,2017.0,195.0,107.0,94.0,44.0,36.4,27.1,10.6,6.8
272,"HUDSON VALLEY FERTILITY, PLLC",FISHKILL,NEW YORK,2017.0,63.0,30.0,41.0,20.0,33.3,33.3,14.6,10.0
273,THE NEW YORK FERTILITY CENTER,FLUSHING,NEW YORK,2017.0,97.0,49.0,47.0,34.0,18.6,18.4,6.4,5.9
274,MONTEFIORE'S INSTITUTE FOR REPRODUCTIVE MEDICINE AND HEALTH,HARTSDALE,NEW YORK,2017.0,46.0,22.0,41.0,21.0,47.8,63.6,22.0,0.0
275,"BOSTON IVF, THE ALBANY CENTER",LOUDONVILLE,NEW YORK,2017.0,75.0,38.0,42.0,12.0,41.3,42.1,26.2,8.333333333333334
276,NORTHWELL HEALTH FERTILITY,MANHASSET,NEW YORK,2017.0,294.0,190.0,194.0,114.0,48.3,33.7,21.6,14.9
277,LONG ISLAND IVF,MELVILLE,NEW YORK,2017.0,270.0,173.0,174.0,103.0,41.5,30.6,21.8,13.6
278,REPRODUCTIVE SPECIALISTS OF NEW YORK,MINEOLA,NEW YORK,2017.0,254.0,172.0,194.0,121.0,41.3,32.6,21.6,9.9
279,WESTCHESTER REPRODUCTIVE MEDICINE,MOUNT KISCO,NEW YORK,2017.0,11.0,5.0,1.0,11.0,36.36363636363637,40.0,100.0,18.181818181818183
280,"ADVANCED FERTILITY SERVICES, PC",NEW YORK,NEW YORK,2017.0,5.0,7.0,3.0,3.0,20.0,0.0,0.0,0.0
281,CCRM NEW YORK,NEW YORK,NEW YORK,2017.0,19.0,15.0,26.0,18.0,10.526315789473685,6.666666666666667,3.8,11.11111111111111
282,CENTER FOR HUMAN REPRODUCTION (CHR),NEW YORK,NEW YORK,2017.0,50.0,34.0,86.0,68.0,24.0,8.8,5.8,5.9
283,CHELSEA FERTILITY NYC,NEW YORK,NEW YORK,2017.0,33.0,19.0,23.0,13.0,45.5,42.10526315789474,21.7,7.6923076923076925
284,COLUMBIA UNIVERSITY FERTILITY CENTER,NEW YORK,NEW YORK,2017.0,193.0,204.0,271.0,153.0,32.1,20.1,14.8,7.8
285,EXTEND FERTILITY-EXPECT FERTILITY,NEW YORK,NEW YORK,2017.0,0.0,0.0,0.0,0.0,0.0,0.0,0.0,0.0
286,"GENERATION NEXT FERTILITY, PLLC",NEW YORK,NEW YORK,2017.0,0.0,0.0,0.0,0.0,0.0,0.0,0.0,0.0
287,"LIBERA MEDICAL, PLLC",NEW YORK,NEW YORK,2017.0,173.0,152.0,178.0,114.0,38.7,33.6,14.6,6.1
288,"ANDREW LOUCOPOULOS, MD, PHD",NEW YORK,NEW YORK,2017.0,9.0,6.0,8.0,1.0,66.66666666666667,0.0,12.5,0.0
289,MANHATTAN REPRODUCTIVE MEDICINE,NEW YORK,NEW YORK,2017.0,5.0,3.0,12.0,0.0,40.0,33.333333333333336,41.666666666666664,0.0
290,"METROPOLITAN REPRODUCTIVE MEDICINE, PC",NEW YORK,NEW YORK,2017.0,7.0,6.0,5.0,0.0,57.142857142857146,66.66666666666667,40.0,0.0
291,NEW HOPE FERTILITY CENTER,NEW YORK,NEW YORK,2017.0,340.0,289.0,534.0,480.0,37.9,24.9,14.4,4.4
292,NEW YORK FERTILITY INSTITUTE,NEW YORK,NEW YORK,2017.0,22.0,16.0,16.0,2.0,13.6,6.25,18.75,0.0
293,"NEW YORK FERTILITY SERVICES, PC",NEW YORK,NEW YORK,2017.0,25.0,26.0,27.0,9.0,12.0,11.5,11.1,0.0
294,NEWAY MEDICAL,NEW YORK,NEW YORK,2017.0,144.0,101.0,103.0,97.0,38.9,24.8,19.4,4.1
295,NOBLE FERTILITY CENTER,NEW YORK,NEW YORK,2017.0,59.0,21.0,26.0,14.0,44.1,28.6,23.1,0.0
296,NYU LANGONE FERTILITY CENTER,NEW YORK,NEW YORK,2017.0,296.0,279.0,417.0,224.0,45.9,34.4,24.0,10.3
297,"OFFICES FOR FERTILITY AND REPRODUCTIVE MEDICINE, PC",NEW YORK,NEW YORK,2017.0,15.0,24.0,10.0,6.0,26.666666666666668,16.7,0.0,16.666666666666668
298,"REPRODUCTIVE MEDICINE ASSOCIATES OF NEW YORK, LLP",NEW YORK,NEW YORK,2017.0,700.0,532.0,625.0,353.0,56.4,41.2,26.4,12.5
299,TRUENORTH FERTILITY,NEW YORK,NEW YORK,2017.0,0.0,0.0,0.0,0.0,0.0,0.0,0.0,0.0
300,WEILL CORNELL MEDICINE,NEW YORK,NEW YORK,2017.0,858.0,622.0,805.0,525.0,44.8,35.2,24.7,14.5
301,WESTMED REPRODUCTIVE SERVICES,PURCHASE,NEW YORK,2017.0,37.0,32.0,22.0,13.0,78.4,50.0,50.0,23.076923076923077
302,"ROCHESTER FERTILITY CARE, PC",ROCHESTER,NEW YORK,2017.0,39.0,14.0,13.0,1.0,43.6,28.571428571428573,23.076923076923077,0.0
303,STRONG FERTILITY CENTER,ROCHESTER,NEW YORK,2017.0,91.0,37.0,51.0,10.0,48.4,40.5,21.6,10.0
304,"ISLAND REPRODUCTIVE SERVICES, PC",STATEN ISLAND,NEW YORK,2017.0,127.0,46.0,32.0,27.0,50.4,41.3,31.3,11.1
305,NEW YORK REPRODUCTIVE WELLNESS,SYOSSET,NEW YORK,2017.0,33.0,29.0,26.0,9.0,36.4,41.4,34.6,11.11111111111111
306,CNY FERTILITY CENTER,SYRACUSE,NEW YORK,2017.0,921.0,402.0,355.0,167.0,48.9,34.3,18.6,7.8
307,WESTCHESTER FERTILITY AND REPRODUCTIVE ENDOCRINOLOGY,WHITE PLAINS,NEW YORK,2017.0,28.0,24.0,20.0,14.0,39.3,29.2,15.0,0.0
308,GOLD COAST IVF,WOODBURY,NEW YORK,2017.0,70.0,51.0,41.0,19.0,60.0,37.3,29.3,5.2631578947368425
309,NORTH CAROLINA CENTER FOR REPRODUCTIVE MEDICINE,CARY,NORTH CAROLINA,2017.0,82.0,37.0,33.0,8.0,50.0,40.5,27.3,25.0
310,PROGRAM FOR ASSISTED REPRODUCTION AT ATRIUM HEALTH'S CAROLINAS MEDICAL CENTER,CHARLOTTE,NORTH CAROLINA,2017.0,116.0,41.0,40.0,19.0,63.8,43.9,32.5,31.57894736842105
311,REPRODUCTIVE ENDOCRINOLOGY ASSOCIATES OF CHARLOTTE,CHARLOTTE,NORTH CAROLINA,2017.0,258.0,118.0,122.0,50.0,45.7,27.1,25.4,6.0
312,DUKE FERTILITY CENTER,DURHAM,NORTH CAROLINA,2017.0,80.0,39.0,41.0,17.0,46.3,30.8,22.0,0.0
313,WOMACK ARMY MEDICAL CENTER,FORT BRAGG,NORTH CAROLINA,2017.0,51.0,29.0,13.0,8.0,41.2,34.5,23.076923076923077,0.0
314,"ATLANTIC REPRODUCTIVE MEDICINE SPECIALISTS, PA",RALEIGH,NORTH CAROLINA,2017.0,57.0,48.0,20.0,6.0,49.1,33.3,35.0,0.0
315,"CAROLINA CONCEPTIONS, PA",RALEIGH,NORTH CAROLINA,2017.0,225.0,98.0,61.0,25.0,63.6,39.8,36.1,20.0
316,UNC FERTILITY,RALEIGH,NORTH CAROLINA,2017.0,140.0,68.0,61.0,20.0,62.9,47.1,31.1,30.0
317,CAROLINAS FERTILITY INSTITUTE,WINSTON-SALEM,NORTH CAROLINA,2017.0,105.0,43.0,53.0,16.0,65.7,48.8,45.3,18.75
318,WAKE FOREST UNIVERSITY CENTER FOR REPRODUCTIVE MEDICINE,WINSTON-SALEM,NORTH CAROLINA,2017.0,86.0,42.0,34.0,15.0,68.6,50.0,23.5,40.0
319,SANFORD HEALTH REPRODUCTIVE MEDICINE INSTITUTE,FARGO,NORTH DAKOTA,2017.0,101.0,38.0,18.0,9.0,39.6,39.5,11.11111111111111,0.0
320,"FERTILITY UNLIMITED, INC.",AKRON,OHIO,2017.0,13.0,5.0,2.0,1.0,69.23076923076923,40.0,50.0,0.0
321,REPRODUCTIVE GYNECOLOGY & INFERTILITY-AKRON,AKRON,OHIO,2017.0,132.0,51.0,33.0,9.0,66.7,35.3,24.2,0.0
322,CLEVELAND CLINIC FERTILITY CENTER,BEACHWOOD,OHIO,2017.0,213.0,85.0,80.0,29.0,62.9,49.4,38.8,20.7
323,UNIVERSITY HOSPITALS FERTILITY CENTER,BEACHWOOD,OHIO,2017.0,175.0,88.0,64.0,27.0,48.0,26.1,26.6,0.0
324,BETHESDA FERTILITY CENTER,CINCINNATI,OHIO,2017.0,65.0,19.0,16.0,11.0,38.5,26.31578947368421,31.25,9.090909090909092
325,INSTITUTE FOR REPRODUCTIVE HEALTH,CINCINNATI,OHIO,2017.0,379.0,157.0,88.0,20.0,49.6,38.9,35.2,5.0
326,OHIO REPRODUCTIVE MEDICINE,COLUMBUS,OHIO,2017.0,233.0,118.0,78.0,44.0,50.6,44.1,19.2,11.4
327,SPRINGCREEK FERTILITY,DAYTON,OHIO,2017.0,58.0,16.0,21.0,3.0,65.5,43.75,23.8,0.0
328,THE FERTILITY WELLNESS INSTITUTE OF OHIO,WEST CHESTER,OHIO,2017.0,39.0,13.0,9.0,4.0,38.5,61.53846153846154,22.22222222222222,0.0
329,UC CENTER FOR REPRODUCTIVE HEALTH,WEST CHESTER,OHIO,2017.0,96.0,26.0,22.0,6.0,35.4,30.8,4.5,0.0
330,REPRODUCTIVE GYNECOLOGY & INFERTILITY-WESTERVILLE,WESTERVILLE,OHIO,2017.0,107.0,32.0,25.0,5.0,72.0,40.6,24.0,40.0
331,BENNETT FERTILITY INSTITUTE,OKLAHOMA CITY,OKLAHOMA,2017.0,165.0,33.0,36.0,9.0,47.3,27.3,19.4,22.22222222222222
332,OU PHYSICIANS REPRODUCTIVE MEDICINE,OKLAHOMA CITY,OKLAHOMA,2017.0,107.0,38.0,22.0,3.0,55.1,36.8,13.6,33.333333333333336
333,TULSA FERTILITY CENTER,TULSA,OKLAHOMA,2017.0,158.0,42.0,37.0,5.0,40.5,14.3,16.2,0.0
334,THE FERTILITY CENTER OF OREGON,EUGENE,OREGON,2017.0,44.0,22.0,14.0,3.0,52.3,40.9,57.142857142857146,0.0
335,ORM FERTILITY,PORTLAND,OREGON,2017.0,256.0,186.0,174.0,61.0,59.4,39.8,27.6,19.7
336,UNIVERSITY FERTILITY CONSULTANTS,PORTLAND,OREGON,2017.0,121.0,84.0,83.0,32.0,53.7,47.6,34.9,21.9
337,"ABINGTON REPRODUCTIVE MEDICINE, ABINGTON IVF AND GENETICS",ABINGTON,PENNSYLVANIA,2017.0,208.0,81.0,79.0,38.0,45.7,32.1,16.5,15.8
338,REPRODUCTIVE MEDICINE ASSOCIATES OF PENNSYLVANIA,ALLENTOWN,PENNSYLVANIA,2017.0,87.0,33.0,19.0,5.0,71.3,48.5,63.1578947368421,40.0
339,FAMILY FERTILITY CENTER,BETHLEHEM,PENNSYLVANIA,2017.0,33.0,14.0,9.0,4.0,63.6,42.857142857142854,44.44444444444444,50.0
340,MAIN LINE FERTILITY AND REPRODUCTIVE MEDICINE,BRYN MAWR,PENNSYLVANIA,2017.0,236.0,146.0,144.0,58.0,46.6,36.3,14.6,12.1
341,GEISINGER MEDICAL CENTER FERTILITY PROGRAM,DANVILLE,PENNSYLVANIA,2017.0,32.0,35.0,16.0,6.0,40.6,17.1,31.25,16.666666666666668
342,HAN FERTILITY CENTER,HAVERTOWN,PENNSYLVANIA,2017.0,39.0,9.0,16.0,6.0,25.6,22.22222222222222,6.25,0.0
343,PENN STATE MILTON S. HERSHEY MEDICAL CENTER,HERSHEY,PENNSYLVANIA,2017.0,38.0,14.0,8.0,1.0,39.5,42.857142857142854,25.0,0.0
344,REPRODUCTIVE MEDICINE ASSOCIATES OF PHILADELPHIA,KING OF PRUSSIA,PENNSYLVANIA,2017.0,327.0,167.0,116.0,46.0,48.6,34.7,21.6,17.4
345,SOCIETY HILL REPRODUCTIVE MEDICINE,PHILADELPHIA,PENNSYLVANIA,2017.0,22.0,29.0,3.0,1.0,50.0,13.8,33.333333333333336,100.0
346,UNIVERSITY OF PENNSYLVANIA,PHILADELPHIA,PENNSYLVANIA,2017.0,216.0,151.0,171.0,66.0,54.6,47.0,25.7,10.6
347,AHN CENTER FOR REPRODUCTIVE MEDICINE,PITTSBURGH,PENNSYLVANIA,2017.0,37.0,18.0,15.0,6.0,29.7,44.44444444444444,20.0,0.0
348,CENTER FOR FERTILITY AND REPRODUCTIVE ENDOCRINOLOGY,PITTSBURGH,PENNSYLVANIA,2017.0,105.0,73.0,40.0,3.0,56.2,30.1,22.5,33.333333333333336
349,UNIVERSITY OF PITTSBURGH PHYSICIANS,PITTSBURGH,PENNSYLVANIA,2017.0,188.0,69.0,59.0,16.0,43.1,37.7,20.3,0.0
350,SHADY GROVE FERTILITY-PENNSYLVANIA,WAYNE,PENNSYLVANIA,2017.0,148.0,87.0,43.0,21.0,58.1,41.4,39.5,19.0
351,"THE FERTILITY CENTER, LLC",YORK,PENNSYLVANIA,2017.0,63.0,14.0,22.0,8.0,36.5,21.428571428571427,13.6,0.0
352,"PEDRO J. BEAUCHAMP, MD IVF PROGRAM DBA",BAYAMON,PUERTO RICO,2017.0,41.0,32.0,40.0,16.0,43.9,25.0,22.5,6.25
353,CLINICA DE FERTILIDAD HIMA-SAN PABLO CAGUAS,CAGUAS,PUERTO RICO,2017.0,20.0,11.0,12.0,2.0,15.0,18.181818181818183,16.666666666666668,0.0
354,GREFI,SAN JUAN,PUERTO RICO,2017.0,13.0,4.0,6.0,3.0,30.76923076923077,25.0,0.0,0.0
355,WOMEN & INFANTS FERTILITY CENTER,PROVIDENCE,RHODE ISLAND,2017.0,153.0,92.0,85.0,48.0,49.7,33.7,30.6,6.3
356,FERTILITY CENTER OF THE CAROLINAS,GREENVILLE,SOUTH CAROLINA,2017.0,74.0,37.0,32.0,1.0,50.0,32.4,28.1,0.0
357,"PIEDMONT REPRODUCTIVE ENDOCRINOLOGY GROUP, PA",GREENVILLE,SOUTH CAROLINA,2017.0,191.0,80.0,61.0,15.0,47.6,40.0,19.7,26.666666666666668
358,COASTAL FERTILITY SPECIALISTS,MOUNT PLEASANT,SOUTH CAROLINA,2017.0,166.0,68.0,55.0,15.0,71.1,33.8,45.5,20.0
359,THE FERTILITY CENTER OF CHARLESTON,MOUNT PLEASANT,SOUTH CAROLINA,2017.0,37.0,21.0,22.0,2.0,48.6,52.4,27.3,0.0
360,SANFORD WOMEN'S HEALTH,SIOUX FALLS,SOUTH DAKOTA,2017.0,109.0,43.0,20.0,13.0,53.2,32.6,20.0,7.6923076923076925
361,"FERTILITY CENTER, LLC",CHATTANOOGA,TENNESSEE,2017.0,61.0,22.0,16.0,9.0,47.5,36.4,18.75,0.0
362,TENNESSEE REPRODUCTIVE MEDICINE,CHATTANOOGA,TENNESSEE,2017.0,57.0,24.0,24.0,16.0,61.4,45.8,29.2,12.5
363,TENNESSEE FERTILITY INSTITUTE,FRANKLIN,TENNESSEE,2017.0,10.0,4.0,9.0,2.0,60.0,50.0,33.333333333333336,50.0
364,QUILLEN FERTILITY AND WOMEN'S SERVICES,JOHNSON CITY,TENNESSEE,2017.0,27.0,10.0,14.0,4.0,55.6,20.0,7.142857142857143,0.0
365,EAST TENNESSEE IVF AND ANDROLOGY CENTER,KNOXVILLE,TENNESSEE,2017.0,6.0,3.0,2.0,0.0,33.333333333333336,33.333333333333336,0.0,0.0
366,"JEFFREY A. KEENAN, MD DBA",KNOXVILLE,TENNESSEE,2017.0,16.0,6.0,5.0,0.0,37.5,50.0,0.0,0.0
367,"KUTTEH KE FERTILITY ASSOCIATES OF MEMPHIS, PLLC",MEMPHIS,TENNESSEE,2017.0,136.0,36.0,34.0,14.0,65.4,55.6,35.3,0.0
368,REGIONAL ONE HEALTH REPRODUCTIVE MEDICINE,MEMPHIS,TENNESSEE,2017.0,28.0,5.0,17.0,7.0,42.9,80.0,17.647058823529413,0.0
369,THE CENTER FOR REPRODUCTIVE HEALTH,NASHVILLE,TENNESSEE,2017.0,22.0,12.0,2.0,2.0,45.5,25.0,0.0,0.0
370,NASHVILLE FERTILITY CENTER,NASHVILLE,TENNESSEE,2017.0,212.0,86.0,70.0,19.0,57.5,40.7,38.6,15.789473684210526
371,ASPIRE FERTILITY-DALLAS,ADDISON,TEXAS,2017.0,7.0,0.0,2.0,1.0,57.142857142857146,0.0,50.0,100.0
372,DFW CENTER FOR FERTILITY & IVF,ALLEN,TEXAS,2017.0,20.0,6.0,7.0,3.0,55.0,16.666666666666668,42.857142857142854,0.0
373,ASPIRE FERTILITY-AUSTIN,AUSTIN,TEXAS,2017.0,57.0,34.0,25.0,16.0,36.8,41.2,20.0,25.0
374,AUSTIN FERTILITY AND REPRODUCTIVE MEDICINE-WESTLAKE IVF,AUSTIN,TEXAS,2017.0,69.0,28.0,20.0,8.0,42.0,17.9,25.0,0.0
375,"AUSTIN FERTILITY INSTITUTE, PA",AUSTIN,TEXAS,2017.0,74.0,31.0,25.0,4.0,55.4,58.1,24.0,0.0
376,TEXAS FERTILITY CENTER,AUSTIN,TEXAS,2017.0,261.0,180.0,133.0,78.0,53.3,37.8,25.6,16.7
377,CENTER FOR ASSISTED REPRODUCTION,BEDFORD,TEXAS,2017.0,139.0,69.0,40.0,19.0,61.2,47.8,27.5,26.31578947368421
378,DALLAS-FORT WORTH FERTILITY ASSOCIATES,DALLAS,TEXAS,2017.0,259.0,151.0,129.0,64.0,57.9,46.4,21.7,15.6
379,FERTILITY AND ADVANCED REPRODUCTIVE MEDICINE,DALLAS,TEXAS,2017.0,24.0,31.0,46.0,27.0,54.2,19.4,8.7,7.4
380,FERTILITY CENTER OF DALLAS,DALLAS,TEXAS,2017.0,54.0,26.0,17.0,11.0,46.3,26.9,23.529411764705884,27.272727272727273
381,REPROMED FERTILITY CENTER,DALLAS,TEXAS,2017.0,71.0,38.0,21.0,16.0,49.3,34.2,9.5,12.5
382,SHER INSTITUTE FOR REPRODUCTIVE MEDICINE-DALLAS,DALLAS,TEXAS,2017.0,56.0,37.0,23.0,15.0,55.4,29.7,21.7,6.666666666666667
383,TEXAS CENTER FOR REPRODUCTIVE HEALTH,DALLAS,TEXAS,2017.0,19.0,16.0,8.0,2.0,42.10526315789474,31.25,50.0,0.0
384,"SOUTHWEST CENTER FOR REPRODUCTIVE HEALTH, PA",EL PASO,TEXAS,2017.0,40.0,16.0,17.0,7.0,57.5,37.5,17.647058823529413,0.0
385,BROOKE ARMY MEDICAL CENTER,FORT SAM HOUSTON,TEXAS,2017.0,70.0,32.0,28.0,0.0,38.6,34.4,28.6,0.0
386,"FORT WORTH FERTILITY, PA",FORT WORTH,TEXAS,2017.0,168.0,46.0,39.0,22.0,53.6,21.7,23.1,4.5
387,CCRM DALLAS-FORT WORTH,FRISCO,TEXAS,2017.0,84.0,37.0,25.0,9.0,57.1,43.2,28.0,22.22222222222222
388,DALLAS IVF,FRISCO,TEXAS,2017.0,241.0,91.0,79.0,52.0,48.5,45.1,26.6,13.5
389,"FERTILITY SPECIALISTS OF TEXAS, PLLC",FRISCO,TEXAS,2017.0,282.0,109.0,93.0,35.0,61.3,43.1,26.9,25.7
390,ADVANCED FERTILITY CENTER OF TEXAS,HOUSTON,TEXAS,2017.0,59.0,44.0,31.0,17.0,54.2,38.6,22.6,17.647058823529413
391,ASPIRE FERTILITY-HOUSTON,HOUSTON,TEXAS,2017.0,24.0,15.0,12.0,9.0,29.2,33.333333333333336,0.0,11.11111111111111
392,COOPER INSTITUTE FOR ADVANCED REPRODUCTIVE MEDICINE,HOUSTON,TEXAS,2017.0,26.0,7.0,12.0,9.0,30.8,14.285714285714286,8.333333333333334,0.0
393,FAMILY FERTILITY CENTER,HOUSTON,TEXAS,2017.0,87.0,33.0,29.0,11.0,28.7,33.3,27.6,9.090909090909092
394,THE HEARD INSTITUTE,HOUSTON,TEXAS,2017.0,7.0,10.0,4.0,1.0,42.857142857142854,20.0,0.0,0.0
395,HOUSTON FERTILITY INSTITUTE,HOUSTON,TEXAS,2017.0,761.0,323.0,253.0,117.0,63.5,47.7,30.8,20.5
396,HOUSTON FERTILITY SPECIALISTS,HOUSTON,TEXAS,2017.0,272.0,140.0,111.0,56.0,47.4,36.4,22.5,12.5
397,HOUSTON IVF DBA,HOUSTON,TEXAS,2017.0,213.0,153.0,136.0,48.0,57.7,47.7,28.7,4.2
398,IVFMD,IRVING,TEXAS,2017.0,148.0,51.0,39.0,11.0,51.4,43.1,33.3,27.272727272727273
399,THE CENTRE FOR REPRODUCTIVE MEDICINE,LUBBOCK,TEXAS,2017.0,38.0,14.0,15.0,4.0,60.5,42.857142857142854,13.333333333333334,0.0
400,TEXAS TECH UNIVERSITY HEALTH SCIENCES CENTER,LUBBOCK,TEXAS,2017.0,45.0,22.0,19.0,0.0,48.9,18.2,26.31578947368421,0.0
401,REPRODUCTIVE INSTITUTE OF SOUTH TEXAS,MCALLEN,TEXAS,2017.0,41.0,27.0,21.0,14.0,43.9,22.2,14.3,7.142857142857143
402,"ADVANCED FERTILITY CENTERS, PLLC",ODESSA,TEXAS,2017.0,5.0,2.0,0.0,1.0,100.0,50.0,0.0,0.0
403,IVF PLANO,PLANO,TEXAS,2017.0,68.0,26.0,30.0,14.0,72.1,53.8,23.3,14.285714285714286
404,PRESBYTERIAN HOSPITAL ARTS,PLANO,TEXAS,2017.0,44.0,20.0,41.0,10.0,45.5,20.0,14.6,20.0
405,ASPIRE FERTILITY-SAN ANTONIO,SAN ANTONIO,TEXAS,2017.0,164.0,99.0,68.0,24.0,65.9,39.4,32.4,12.5
406,FERTILITY CENTER OF SAN ANTONIO,SAN ANTONIO,TEXAS,2017.0,133.0,74.0,81.0,24.0,60.9,43.2,19.8,16.7
407,INSTITUTE FOR WOMEN'S HEALTH,SAN ANTONIO,TEXAS,2017.0,18.0,14.0,10.0,4.0,61.111111111111114,21.428571428571427,30.0,0.0
408,UT HEALTH SAN ANTONIO REPRODUCTIVE HEALTH AND FERTILITY CENTER,SAN ANTONIO,TEXAS,2017.0,26.0,20.0,22.0,5.0,34.6,35.0,18.2,0.0
409,SCOTT & WHITE CLINIC-TEMPLE,TEMPLE,TEXAS,2017.0,60.0,19.0,10.0,7.0,30.0,36.8421052631579,20.0,14.285714285714286
410,"NORTH HOUSTON CENTER FOR REPRODUCTIVE MEDICINE, PA",THE WOODLANDS,TEXAS,2017.0,27.0,16.0,10.0,3.0,48.1,43.75,30.0,33.333333333333336
411,CENTER OF REPRODUCTIVE MEDICINE (CORM),WEBSTER,TEXAS,2017.0,207.0,74.0,55.0,11.0,57.0,39.2,29.1,9.090909090909092
412,UTAH FERTILITY CENTER,PLEASANT GROVE,UTAH,2017.0,389.0,101.0,67.0,23.0,66.6,49.5,34.3,13.0
413,UTAH CENTER FOR REPRODUCTIVE MEDICINE,SALT LAKE CITY,UTAH,2017.0,210.0,78.0,62.0,27.0,55.2,43.6,25.8,3.7
414,REPRODUCTIVE CARE CENTER,SANDY,UTAH,2017.0,319.0,81.0,40.0,17.0,56.1,38.3,30.0,11.764705882352942
415,UNIVERSITY OF VERMONT MEDICAL CENTER,BURLINGTON,VERMONT,2017.0,24.0,3.0,7.0,3.0,54.2,100.0,14.285714285714286,0.0
416,NORTHEASTERN REPRODUCTIVE MEDICINE,COLCHESTER,VERMONT,2017.0,76.0,51.0,42.0,10.0,51.3,47.1,47.6,50.0
417,WASHINGTON FERTILITY CENTER,ANNANDALE,VIRGINIA,2017.0,23.0,10.0,13.0,8.0,26.1,50.0,38.46153846153846,12.5
418,DOMINION FERTILITY AND ENDOCRINOLOGY,ARLINGTON,VIRGINIA,2017.0,211.0,188.0,206.0,114.0,36.5,20.7,12.1,4.4
419,"REPRODUCTIVE MEDICINE AND SURGERY CENTER OF VIRGINIA, PLC",CHARLOTTESVILLE,VIRGINIA,2017.0,81.0,44.0,29.0,15.0,63.0,50.0,17.2,0.0
420,GENETICS & IVF INSTITUTE,FAIRFAX,VIRGINIA,2017.0,36.0,22.0,34.0,23.0,44.4,36.4,23.5,8.7
421,JONES INSTITUTE FOR REPRODUCTIVE MEDICINE,NORFOLK,VIRGINIA,2017.0,119.0,34.0,33.0,16.0,44.5,38.2,24.2,12.5
422,VIRGINIA CENTER FOR REPRODUCTIVE MEDICINE,RESTON,VIRGINIA,2017.0,34.0,31.0,25.0,5.0,47.1,51.6,32.0,20.0
423,SHADY GROVE FERTILITY-RICHMOND,RICHMOND,VIRGINIA,2017.0,56.0,31.0,36.0,7.0,75.0,61.3,27.8,28.571428571428573
424,VCU REPRODUCTIVE MEDICINE,RICHMOND,VIRGINIA,2017.0,36.0,15.0,10.0,3.0,41.7,60.0,40.0,0.0
425,CCRM NORTHERN VIRGINIA,VIENNA,VIRGINIA,2017.0,0.0,0.0,0.0,0.0,0.0,0.0,0.0,0.0
426,THE NEW HOPE CENTER FOR REPRODUCTIVE MEDICINE,VIRGINIA BEACH,VIRGINIA,2017.0,71.0,35.0,35.0,6.0,47.9,20.0,11.4,0.0
427,"OVERLAKE REPRODUCTIVE HEALTH, INC., PS",BELLEVUE,WASHINGTON,2017.0,85.0,33.0,35.0,15.0,47.1,21.2,22.9,13.333333333333334
428,WASHINGTON CENTER FOR REPRODUCTIVE MEDICINE,BELLEVUE,WASHINGTON,2017.0,55.0,31.0,20.0,6.0,21.8,16.1,20.0,16.666666666666668
429,BELLINGHAM IVF & INFERTILITY CARE,BELLINGHAM,WASHINGTON,2017.0,35.0,4.0,5.0,2.0,77.1,75.0,40.0,0.0
430,POMA FERTILITY,KIRKLAND,WASHINGTON,2017.0,108.0,70.0,66.0,17.0,53.7,35.7,27.3,23.529411764705884
431,OLYMPIA WOMEN'S HEALTH,OLYMPIA,WASHINGTON,2017.0,19.0,5.0,4.0,2.0,15.789473684210526,40.0,0.0,0.0
432,PACIFIC NORTHWEST FERTILITY AND IVF SPECIALISTS,SEATTLE,WASHINGTON,2017.0,134.0,108.0,107.0,74.0,53.0,45.4,27.1,20.3
433,SEATTLE REPRODUCTIVE MEDICINE,SEATTLE,WASHINGTON,2017.0,454.0,309.0,270.0,172.0,52.9,42.1,24.1,11.0
434,"SOUND FERTILITY CARE, PLLC",SEATTLE,WASHINGTON,2017.0,15.0,14.0,19.0,19.0,46.666666666666664,42.857142857142854,10.526315789473685,10.526315789473685
435,UNIVERSITY REPRODUCTIVE CARE,SEATTLE,WASHINGTON,2017.0,35.0,26.0,19.0,3.0,40.0,15.4,5.2631578947368425,0.0
436,THE CENTER FOR REPRODUCTIVE HEALTH,SPOKANE,WASHINGTON,2017.0,60.0,30.0,9.0,2.0,51.7,30.0,22.22222222222222,0.0
437,SRM SPOKANE,SPOKANE VALLEY,WASHINGTON,2017.0,49.0,24.0,19.0,12.0,46.9,29.2,26.31578947368421,8.333333333333334
438,MADIGAN ARMY MEDICAL CENTER,TACOMA,WASHINGTON,2017.0,63.0,16.0,25.0,14.0,54.0,56.25,32.0,14.285714285714286
439,WEST VIRGINIA UNIVERSITY FERTILITY CENTER,CHARLESTON,WEST VIRGINIA,2017.0,19.0,1.0,3.0,1.0,31.57894736842105,0.0,0.0,100.0
440,CABELL HUNTINGTON HOSPITAL,HUNTINGTON,WEST VIRGINIA,2017.0,9.0,5.0,3.0,2.0,66.66666666666667,40.0,66.66666666666667,0.0
441,WEST VIRGINIA UNIVERSITY CENTER FOR REPRODUCTIVE MEDICINE,MORGANTOWN,WEST VIRGINIA,2017.0,53.0,21.0,14.0,3.0,41.5,28.6,14.285714285714286,33.333333333333336
442,AURORA HEALTH CARE-AURORA FERTILITY SERVICES,GREEN BAY,WISCONSIN,2017.0,61.0,21.0,11.0,1.0,63.9,33.3,45.45454545454545,100.0
443,FROEDTERT & MEDICAL COLLEGE OF WISCONSIN,MENOMONEE FALLS,WISCONSIN,2017.0,124.0,68.0,52.0,4.0,57.3,29.4,26.9,0.0
444,UNIVERSITY OF WISCONSIN-GENERATIONS FERTILITY CARE,MIDDLETON,WISCONSIN,2017.0,72.0,30.0,21.0,2.0,52.8,56.7,23.8,50.0
445,WISCONSIN FERTILITY INSTITUTE,MIDDLETON,WISCONSIN,2017.0,61.0,26.0,18.0,2.0,54.1,38.5,22.22222222222222,0.0
446,REPRODUCTIVE SPECIALTY CENTER,MILWAUKEE,WISCONSIN,2017.0,9.0,5.0,6.0,1.0,66.66666666666667,20.0,16.666666666666668,0.0
447,"AURORA HEALTH CARE-AURORA FERTILITY SERVICES, WEST ALLIS",WEST ALLIS,WISCONSIN,2017.0,57.0,35.0,17.0,15.0,56.1,37.1,23.529411764705884,0.0
448,ALABAMA FERTILITY SPECIALISTS,BIRMINGHAM,ALABAMA,2018.0,39.0,11.0,8.0,6.0,56.4,0.0,0.0,0.0
449,AMERICA INSTITUTE OF REPRODUCTIVE MEDICINE-ALABAMA,BIRMINGHAM,ALABAMA,2018.0,0.0,0.0,0.0,0.0,0.0,0.0,0.0,0.0
450,ART FERTILITY PROGRAM OF ALABAMA,BIRMINGHAM,ALABAMA,2018.0,121.0,60.0,30.0,11.0,34.7,20.0,13.3,0.0
451,UNIVERSITY OF ALABAMA AT BIRMINGHAM,BIRMINGHAM,ALABAMA,2018.0,53.0,23.0,20.0,5.0,49.1,43.5,35.0,0.0
452,CENTER FOR REPRODUCTIVE MEDICINE,MOBILE,ALABAMA,2018.0,95.0,32.0,36.0,7.0,62.1,59.4,16.7,0.0
453,NEW DIRECTION FERTILITY CENTERS,GILBERT,ARIZONA,2018.0,223.0,96.0,117.0,40.0,66.8,43.8,34.2,10.0
454,TROCHÃ‰ FERTILITY CENTERS,GLENDALE,ARIZONA,2018.0,41.0,29.0,21.0,0.0,48.8,37.9,42.9,0.0
455,"ARIZONA REPRODUCTIVE MEDICINE SPECIALISTS, LLC",PHOENIX,ARIZONA,2018.0,61.0,33.0,22.0,11.0,55.7,33.3,27.3,0.0
456,GONDRA CENTER FOR REPRODUCTIVE CARE & ADVANCED GYNECOLOGY,PHOENIX,ARIZONA,2018.0,11.0,8.0,11.0,0.0,0.0,0.0,0.0,0.0
457,SOUTHWEST FERTILITY CENTER,PHOENIX,ARIZONA,2018.0,38.0,24.0,22.0,6.0,63.2,41.7,50.0,0.0
458,"ADVANCED FERTILITY CARE, PLLC",SCOTTSDALE,ARIZONA,2018.0,84.0,53.0,34.0,11.0,70.2,47.2,35.3,0.0
459,ARIZONA ASSOCIATES FOR REPRODUCTIVE HEALTH,SCOTTSDALE,ARIZONA,2018.0,28.0,16.0,23.0,9.0,57.1,56.25,17.4,0.0
460,ARIZONA CENTER FOR FERTILITY STUDIES,SCOTTSDALE,ARIZONA,2018.0,10.0,5.0,10.0,0.0,50.0,0.0,0.0,0.0
461,BLOOM REPRODUCTIVE INSTITUTE,SCOTTSDALE,ARIZONA,2018.0,94.0,58.0,57.0,23.0,47.9,27.6,12.3,8.7
462,"BOSTON IVF, THE ARIZONA CENTER, LLC",SCOTTSDALE,ARIZONA,2018.0,57.0,20.0,23.0,7.0,56.1,40.0,34.8,0.0
463,IVF PHOENIX,SCOTTSDALE,ARIZONA,2018.0,26.0,26.0,26.0,11.0,42.3,23.1,3.8,0.0
464,"FERTILITY TREATMENT CENTER, PC",TEMPE,ARIZONA,2018.0,66.0,55.0,57.0,38.0,54.5,36.4,24.6,7.9
465,ARIZONA CENTER FOR REPRODUCTIVE ENDOCRINOLOGY AND INFERTILITY,TUCSON,ARIZONA,2018.0,59.0,27.0,32.0,11.0,47.5,33.3,12.5,0.0
466,ARIZONA REPRODUCTIVE INSTITUTE,TUCSON,ARIZONA,2018.0,85.0,41.0,34.0,18.0,54.1,51.2,26.5,27.77777777777778
467,REPRODUCTIVE HEALTH CENTER,TUCSON,ARIZONA,2018.0,48.0,22.0,18.0,21.0,50.0,18.2,0.0,4.8
468,ARKANSAS FERTILITY CENTER,LITTLE ROCK,ARKANSAS,2018.0,112.0,30.0,28.0,5.0,46.4,26.7,21.4,0.0
469,LIFESTART FERTILITY CENTER,AGOURA HILLS,CALIFORNIA,2018.0,8.0,0.0,0.0,0.0,0.0,0.0,0.0,0.0
470,ALTA BATES IN VITRO FERTILIZATION PROGRAM,BERKELEY,CALIFORNIA,2018.0,5.0,9.0,10.0,0.0,0.0,0.0,0.0,0.0
471,CENTER FOR REPRODUCTIVE HEALTH & GYNECOLOGY,BEVERLY HILLS,CALIFORNIA,2018.0,13.0,11.0,10.0,5.0,53.84615384615385,0.0,0.0,0.0
472,SOUTHERN CALIFORNIA REPRODUCTIVE CENTER,BEVERLY HILLS,CALIFORNIA,2018.0,195.0,116.0,119.0,63.0,33.8,34.5,21.0,15.9
473,FERTILITY CARE OF ORANGE COUNTY,BREA,CALIFORNIA,2018.0,47.0,34.0,35.0,15.0,59.6,38.2,28.6,0.0
474,CENTRAL CALIFORNIA IVF PROGRAM,CLOVIS,CALIFORNIA,2018.0,72.0,37.0,30.0,9.0,58.3,48.6,30.0,0.0
475,CALIFORNIA CENTER FOR REPRODUCTIVE MEDICINE,ENCINITAS,CALIFORNIA,2018.0,18.0,8.0,10.0,0.0,50.0,0.0,0.0,0.0
476,"THE FERTILITY INSTITUTES-LOS ANGELES, NEW YORK, GUADALAJARA",ENCINO,CALIFORNIA,2018.0,0.0,0.0,0.0,0.0,0.0,0.0,0.0,0.0
477,HRC FERTILITY-ENCINO,ENCINO,CALIFORNIA,2018.0,115.0,86.0,167.0,61.0,50.4,46.5,15.0,6.6
478,LOS ANGELES REPRODUCTIVE CENTER (LARC),ENCINO,CALIFORNIA,2018.0,18.0,17.0,12.0,0.0,55.55555555555556,0.0,41.666666666666664,0.0
479,WESTERN FERTILITY INSTITUTE,ENCINO,CALIFORNIA,2018.0,27.0,27.0,29.0,12.0,63.0,40.7,24.1,0.0
480,ZOUVES FERTILITY CENTER,FOSTER CITY,CALIFORNIA,2018.0,72.0,78.0,100.0,56.0,47.2,38.5,16.0,16.1
481,WEST COAST FERTILITY CENTER,FOUNTAIN VALLEY,CALIFORNIA,2018.0,18.0,16.0,30.0,9.0,66.66666666666667,50.0,16.7,0.0
482,KAISER PERMANENTE CENTER FOR REPRODUCTIVE HEALTH-FREMONT,FREMONT,CALIFORNIA,2018.0,283.0,208.0,198.0,87.0,62.9,51.0,29.8,11.5
483,CARE FERTILITY,GLENDALE,CALIFORNIA,2018.0,81.0,53.0,42.0,18.0,43.2,22.6,23.8,0.0
484,MARIN FERTILITY CENTER,GREENBRAE,CALIFORNIA,2018.0,38.0,34.0,50.0,31.0,65.8,38.2,12.0,3.2
485,"COASTAL FERTILITY MEDICAL CENTER, INC.",IRVINE,CALIFORNIA,2018.0,34.0,41.0,41.0,14.0,14.7,12.2,12.2,0.0
486,FERTILITY CENTER OF SOUTHERN CALIFORNIA,IRVINE,CALIFORNIA,2018.0,29.0,17.0,27.0,28.0,72.4,47.05882352941177,37.0,14.3
487,LIFE IVF CENTER,IRVINE,CALIFORNIA,2018.0,238.0,259.0,395.0,448.0,22.7,12.4,6.8,2.5
488,REPRODUCTIVE FERTILITY CENTER,IRVINE,CALIFORNIA,2018.0,110.0,116.0,119.0,62.0,60.0,28.4,20.2,3.2
489,REPRODUCTIVE PARTNERS FERTILITY CENTER-SAN DIEGO,LA JOLLA,CALIFORNIA,2018.0,75.0,70.0,96.0,54.0,53.3,48.6,22.9,9.3
490,LOMA LINDA UNIVERSITY CENTER FOR FERTILITY AND IVF,LOMA LINDA,CALIFORNIA,2018.0,54.0,41.0,35.0,11.0,31.5,41.5,11.4,0.0
491,CALIFORNIA FERTILITY PARTNERS,LOS ANGELES,CALIFORNIA,2018.0,83.0,95.0,144.0,160.0,43.4,25.3,18.1,5.0
492,CEDARS SINAI MEDICAL CENTER,LOS ANGELES,CALIFORNIA,2018.0,22.0,17.0,17.0,9.0,13.6,41.1764705882353,0.0,0.0
493,CHA FERTILITY CENTER,LOS ANGELES,CALIFORNIA,2018.0,13.0,31.0,21.0,8.0,46.15384615384615,22.6,4.8,0.0
494,CMD FERTILITY,LOS ANGELES,CALIFORNIA,2018.0,17.0,33.0,29.0,13.0,70.58823529411765,30.3,17.2,0.0
495,LA IVF CLINIC,LOS ANGELES,CALIFORNIA,2018.0,0.0,0.0,0.0,0.0,0.0,0.0,0.0,0.0
496,PACIFIC FERTILITY CENTER-LOS ANGELES,LOS ANGELES,CALIFORNIA,2018.0,19.0,29.0,34.0,13.0,26.31578947368421,41.4,14.7,0.0
497,UCLA FERTILITY CENTER,LOS ANGELES,CALIFORNIA,2018.0,29.0,19.0,26.0,11.0,51.7,36.8421052631579,15.4,0.0
498,USC FERTILITY,LOS ANGELES,CALIFORNIA,2018.0,65.0,83.0,63.0,51.0,43.1,47.0,28.6,15.7
499,CARE FOR THE BAY AREA,LOS GATOS,CALIFORNIA,2018.0,46.0,26.0,34.0,41.0,39.1,19.2,14.7,7.3
500,INNOVATIVE FERTILITY CENTER,MANHATTAN BEACH,CALIFORNIA,2018.0,13.0,12.0,13.0,0.0,53.84615384615385,75.0,0.0,0.0
501,CCRM SAN FRANCISCO,MENLO PARK,CALIFORNIA,2018.0,6.0,17.0,0.0,5.0,0.0,47.05882352941177,0.0,0.0
502,THE FERTILITY AND GYNECOLOGY CENTER,MONTEREY,CALIFORNIA,2018.0,27.0,14.0,9.0,5.0,37.0,35.714285714285715,0.0,0.0
503,NOVA IN VITRO FERTILIZATION,MOUNTAIN VIEW,CALIFORNIA,2018.0,57.0,68.0,55.0,35.0,56.1,44.1,38.2,17.1
504,HRC FERTILITY-ORANGE COUNTY,NEWPORT BEACH,CALIFORNIA,2018.0,411.0,237.0,267.0,107.0,45.5,36.7,19.5,9.3
505,NEWPORT FERTILITY CENTER,NEWPORT BEACH,CALIFORNIA,2018.0,28.0,30.0,19.0,18.0,75.0,56.7,52.63157894736842,0.0
506,OC FERTILITY,NEWPORT BEACH,CALIFORNIA,2018.0,46.0,28.0,31.0,21.0,47.8,42.9,32.3,9.5
507,SOUTHERN CALIFORNIA CENTER FOR REPRODUCTIVE MEDICINE,NEWPORT BEACH,CALIFORNIA,2018.0,78.0,66.0,99.0,47.0,57.7,50.0,41.4,17.0
508,LANE FERTILITY INSTITUTE,NOVATO,CALIFORNIA,2018.0,11.0,10.0,6.0,10.0,0.0,0.0,0.0,0.0
509,AMERICAN REPRODUCTIVE CENTERS,PALM SPRINGS,CALIFORNIA,2018.0,57.0,50.0,35.0,9.0,47.4,16.0,11.4,0.0
510,BAY IVF CENTER,PALO ALTO,CALIFORNIA,2018.0,43.0,29.0,24.0,10.0,46.5,48.3,20.8,0.0
511,HRC FERTILITY-PASADENA,PASADENA,CALIFORNIA,2018.0,537.0,339.0,369.0,224.0,42.5,30.4,15.4,8.5
512,"UNITY FERTILITY CENTER, LLC",PASADENA,CALIFORNIA,2018.0,0.0,0.0,0.0,0.0,0.0,0.0,0.0,0.0
513,"REPRODUCTIVE PARTNERS-BEVERLY HILLS, REDONDO BEACH & WESTMINSTER",REDONDO BEACH,CALIFORNIA,2018.0,207.0,217.0,239.0,133.0,47.8,29.0,23.4,13.5
514,NORTHERN CALIFORNIA FERTILITY MEDICAL CENTER,ROSEVILLE,CALIFORNIA,2018.0,170.0,115.0,96.0,29.0,58.2,44.3,27.1,10.3
515,CALIFORNIA IVF FERTILITY CENTER,SACRAMENTO,CALIFORNIA,2018.0,63.0,40.0,34.0,13.0,60.3,40.0,23.5,0.0
516,KAISER PERMANENTE CENTER FOR REPRODUCTIVE HEALTH-SACRAMENTO,SACRAMENTO,CALIFORNIA,2018.0,142.0,113.0,59.0,23.0,71.8,50.4,27.1,21.7
517,FERTILITY SPECIALISTS MEDICAL GROUP,SAN DIEGO,CALIFORNIA,2018.0,101.0,65.0,68.0,27.0,38.6,33.8,4.4,3.7
518,NAVAL MEDICAL CENTER SAN DIEGO INFERTILITY CLINIC,SAN DIEGO,CALIFORNIA,2018.0,74.0,36.0,19.0,0.0,37.8,38.9,26.31578947368421,0.0
519,REPRODUCTIVE SCIENCES MEDICAL CENTER,SAN DIEGO,CALIFORNIA,2018.0,89.0,70.0,57.0,41.0,22.5,21.4,10.5,4.9
520,SAN DIEGO FERTILITY CENTER,SAN DIEGO,CALIFORNIA,2018.0,185.0,146.0,131.0,82.0,58.9,36.3,26.0,8.5
521,LAUREL FERTILITY CARE,SAN FRANCISCO,CALIFORNIA,2018.0,67.0,45.0,46.0,18.0,52.2,46.7,15.2,0.0
522,PACIFIC FERTILITY CENTER,SAN FRANCISCO,CALIFORNIA,2018.0,150.0,121.0,155.0,77.0,50.7,38.0,23.2,19.5
523,REPRODUCTIVE MEDICINE ASSOCIATES OF NORTHERN CALIFORNIA,SAN FRANCISCO,CALIFORNIA,2018.0,0.0,0.0,0.0,0.0,0.0,0.0,0.0,0.0
524,SPRING FERTILITY,SAN FRANCISCO,CALIFORNIA,2018.0,96.0,87.0,74.0,40.0,76.0,66.7,51.4,30.0
525,UCSF CENTER FOR REPRODUCTIVE HEALTH,SAN FRANCISCO,CALIFORNIA,2018.0,252.0,317.0,391.0,243.0,46.4,35.3,22.5,11.9
526,PALO ALTO MEDICAL FOUNDATION,SAN JOSE,CALIFORNIA,2018.0,144.0,126.0,96.0,57.0,54.2,40.5,31.3,17.5
527,"ALEX STEINLEITNER, MD, INC.",SAN LUIS OBISPO,CALIFORNIA,2018.0,0.0,0.0,0.0,0.0,0.0,0.0,0.0,0.0
528,REPRODUCTIVE SCIENCE CENTER OF THE SAN FRANCISCO BAY AREA,SAN RAMON,CALIFORNIA,2018.0,354.0,297.0,234.0,98.0,63.8,49.2,31.6,19.4
529,SANTA BARBARA FERTILITY CENTER,SANTA BARBARA,CALIFORNIA,2018.0,25.0,18.0,25.0,11.0,52.0,44.44444444444444,16.0,0.0
530,SANTA MONICA FERTILITY,SANTA MONICA,CALIFORNIA,2018.0,5.0,0.0,7.0,0.0,100.0,0.0,0.0,0.0
531,"ADVANCED FERTILITY ASSOCIATES MEDICAL GROUP, INC.",SANTA ROSA,CALIFORNIA,2018.0,26.0,22.0,22.0,10.0,61.5,40.9,45.5,0.0
532,"VALLEY CENTER FOR REPRODUCTIVE HEALTH, INC.",SHERMAN OAKS,CALIFORNIA,2018.0,13.0,7.0,13.0,11.0,0.0,0.0,61.53846153846154,0.0
533,STANFORD MEDICINE FERTILITY & REPRODUCTIVE HEALTH,SUNNYVALE,CALIFORNIA,2018.0,161.0,142.0,156.0,90.0,44.1,33.1,24.4,5.6
534,THE CENTER FOR FERTILITY AND GYNECOLOGY,TARZANA,CALIFORNIA,2018.0,48.0,38.0,43.0,27.0,60.4,50.0,14.0,22.2
535,TREE OF LIFE CENTER FOR FERTILITY,TARZANA,CALIFORNIA,2018.0,0.0,0.0,0.0,0.0,0.0,0.0,0.0,0.0
536,FERTILITY AND SURGICAL ASSOCIATES OF CALIFORNIA,THOUSAND OAKS,CALIFORNIA,2018.0,128.0,119.0,165.0,86.0,56.3,41.2,20.6,10.5
537,PACIFIC REPRODUCTIVE CENTER,TORRANCE,CALIFORNIA,2018.0,97.0,67.0,60.0,27.0,50.5,28.4,28.3,7.4
538,UNIVERSITY FERTILITY CENTER,TORRANCE,CALIFORNIA,2018.0,54.0,30.0,40.0,31.0,44.4,40.0,20.0,6.5
539,CALIFORNIA CENTER FOR REPRODUCTIVE HEALTH,WEST HOLLYWOOD,CALIFORNIA,2018.0,95.0,79.0,123.0,68.0,45.3,39.2,22.0,10.3
540,MAGARELLI FERTILITY,COLORADO SPRINGS,COLORADO,2018.0,110.0,40.0,41.0,9.0,31.8,27.5,14.6,0.0
541,ADVANCED REPRODUCTIVE MEDICINE,DENVER,COLORADO,2018.0,74.0,21.0,27.0,0.0,55.4,52.4,48.1,0.0
542,COLORADO REPRODUCTIVE ENDOCRINOLOGY,DENVER,COLORADO,2018.0,31.0,17.0,17.0,6.0,35.5,0.0,0.0,0.0
543,DENVER FERTILITY-ALBRECHT WOMEN'S CARE,ENGLEWOOD,COLORADO,2018.0,34.0,18.0,21.0,5.0,35.3,0.0,9.5,0.0
544,ROCKY MOUNTAIN FERTILITY CENTER,ENGLEWOOD,COLORADO,2018.0,39.0,16.0,17.0,0.0,64.1,50.0,29.41176470588235,0.0
545,ROCKY MOUNTAIN CENTER FOR REPRODUCTIVE MEDICINE,FORT COLLINS,COLORADO,2018.0,32.0,17.0,0.0,0.0,78.1,35.294117647058826,0.0,0.0
546,CONCEPTIONS REPRODUCTIVE ASSOCIATES OF COLORADO,LITTLETON,COLORADO,2018.0,268.0,119.0,112.0,39.0,53.4,52.1,30.4,15.4
547,COLORADO CENTER FOR REPRODUCTIVE MEDICINE,LONE TREE,COLORADO,2018.0,424.0,333.0,396.0,209.0,63.9,48.3,34.1,20.1
548,CENTER FOR ADVANCED REPRODUCTIVE SERVICES,FARMINGTON,CONNECTICUT,2018.0,362.0,235.0,250.0,142.0,57.2,47.2,23.2,13.4
549,"GREENWICH FERTILITY AND IVF CENTER, PC",GREENWICH,CONNECTICUT,2018.0,93.0,86.0,62.0,60.0,52.7,44.2,38.7,13.3
550,YALE FERTILITY CENTER,NEW HAVEN,CONNECTICUT,2018.0,129.0,103.0,95.0,49.0,62.8,39.8,20.0,12.2
551,REPRODUCTIVE MEDICINE ASSOCIATES OF CONNECTICUT,NORWALK,CONNECTICUT,2018.0,265.0,170.0,221.0,125.0,54.7,37.1,17.2,7.2
552,NEW ENGLAND FERTILITY INSTITUTE,STAMFORD,CONNECTICUT,2018.0,25.0,10.0,44.0,14.0,48.0,0.0,6.8,0.0
553,PARK AVENUE FERTILITY AND REPRODUCTIVE MEDICINE,TRUMBULL,CONNECTICUT,2018.0,44.0,34.0,42.0,16.0,59.1,29.4,19.0,0.0
554,"DELAWARE INSTITUTE FOR REPRODUCTIVE MEDICINE, PA",NEWARK,DELAWARE,2018.0,76.0,35.0,40.0,14.0,26.3,11.4,12.5,0.0
555,RADFERTILITY,NEWARK,DELAWARE,2018.0,119.0,72.0,44.0,25.0,61.3,38.9,34.1,20.0
556,COLUMBIA FERTILITY ASSOCIATES,WASHINGTON,DISTRICT OF COLUMBIA,2018.0,91.0,89.0,113.0,64.0,33.0,23.6,19.5,4.7
557,GEORGE WASHINGTON UNIVERSITY MEDICAL FACULTY ASSOCIATES,WASHINGTON,DISTRICT OF COLUMBIA,2018.0,61.0,65.0,60.0,27.0,27.9,33.8,18.3,11.1
558,BOCAFERTILITY,BOCA RATON,FLORIDA,2018.0,29.0,15.0,22.0,8.0,44.8,40.0,31.8,0.0
559,PALM BEACH FERTILITY CENTER,BOCA RATON,FLORIDA,2018.0,31.0,18.0,23.0,12.0,48.4,27.77777777777778,13.0,0.0
560,POLCZ FERTILITY CENTER,BOYNTON BEACH,FLORIDA,2018.0,6.0,5.0,5.0,0.0,0.0,0.0,0.0,0.0
561,FLORIDA FERTILITY INSTITUTE,CLEARWATER,FLORIDA,2018.0,66.0,36.0,28.0,6.0,30.3,27.8,10.7,0.0
562,CONCEPTIONS FLORIDA: CENTER FOR FERTILITY AND GENETICS,CORAL GABLES,FLORIDA,2018.0,76.0,61.0,41.0,18.0,40.8,26.2,26.8,0.0
563,"SOUTHWEST FLORIDA FERTILITY CENTER, PA",FORT MYERS,FLORIDA,2018.0,11.0,5.0,5.0,6.0,63.63636363636363,0.0,0.0,0.0
564,"SPECIALISTS IN REPRODUCTIVE MEDICINE & SURGERY, PA",FORT MYERS,FLORIDA,2018.0,31.0,13.0,13.0,0.0,29.0,38.46153846153846,0.0,0.0
565,UF HEALTH REPRODUCTIVE MEDICINE AT SPRINGHILL,GAINESVILLE,FLORIDA,2018.0,31.0,6.0,6.0,0.0,54.8,0.0,0.0,0.0
566,ASSISTED FERTILITY PROGRAM,JACKSONVILLE,FLORIDA,2018.0,26.0,15.0,6.0,0.0,61.5,0.0,0.0,0.0
567,BROWN FERTILITY,JACKSONVILLE,FLORIDA,2018.0,179.0,72.0,48.0,19.0,58.1,38.9,41.7,42.10526315789474
568,FLORIDA INSTITUTE FOR REPRODUCTIVE MEDICINE,JACKSONVILLE,FLORIDA,2018.0,212.0,98.0,86.0,25.0,57.5,37.8,27.9,16.0
569,JACKSONVILLE CENTER FOR REPRODUCTIVE MEDICINE,JACKSONVILLE,FLORIDA,2018.0,108.0,58.0,37.0,19.0,31.5,13.8,18.9,0.0
570,"REPRODUCTIVE MEDICINE ASSOCIATES OF FLORIDA, LLC",LAKE MARY,FLORIDA,2018.0,0.0,0.0,0.0,0.0,0.0,0.0,0.0,0.0
571,IVF FLORIDA REPRODUCTIVE ASSOCIATES,MARGATE,FLORIDA,2018.0,291.0,176.0,194.0,126.0,47.4,35.2,19.6,14.3
572,VIERA FERTILITY CENTER,MELBOURNE,FLORIDA,2018.0,30.0,15.0,13.0,0.0,46.7,33.333333333333336,0.0,0.0
573,"FERTILITY & IVF CENTER OF MIAMI, INC.",MIAMI,FLORIDA,2018.0,73.0,50.0,82.0,34.0,42.5,36.0,14.6,8.8
574,UNIVERSITY OF MIAMI INFERTILITY CENTER,MIAMI,FLORIDA,2018.0,61.0,31.0,39.0,7.0,45.9,41.9,20.5,0.0
575,"NEW LEADERS IN FERTILITY & ENDOCRINOLOGY, LLC",PENSACOLA,FLORIDA,2018.0,109.0,54.0,21.0,5.0,52.3,42.6,33.3,0.0
576,FERTILITY & GENETICS,PLANTATION,FLORIDA,2018.0,54.0,28.0,29.0,14.0,48.1,39.3,10.3,0.0
577,FERTILITY CENTER & APPLIED GENETICS OF FLORIDA,SARASOTA,FLORIDA,2018.0,36.0,16.0,16.0,11.0,44.4,0.0,0.0,0.0
578,IVFMD/SOUTH FLORIDA INSTITUTE FOR REPRODUCTIVE MEDICINE,SOUTH MIAMI,FLORIDA,2018.0,248.0,189.0,166.0,95.0,56.0,41.8,29.5,12.6
579,THE REPRODUCTIVE MEDICINE GROUP,TAMPA,FLORIDA,2018.0,189.0,124.0,99.0,39.0,54.0,46.8,34.3,7.7
580,UNIVERSITY OF SOUTH FLORIDA IVF,TAMPA,FLORIDA,2018.0,89.0,51.0,59.0,26.0,49.4,29.4,30.5,3.8
581,F.I.R.S.T.,WESTON,FLORIDA,2018.0,14.0,0.0,5.0,0.0,0.0,0.0,0.0,0.0
582,"ADVANCED REPRODUCTIVE SPECIALISTS, LLC",WINTER PARK,FLORIDA,2018.0,14.0,11.0,10.0,0.0,35.714285714285715,0.0,0.0,0.0
583,"CENTER FOR REPRODUCTIVE MEDICINE, PA",WINTER PARK,FLORIDA,2018.0,252.0,145.0,161.0,68.0,42.1,26.2,13.0,10.3
584,FERTILITY CARE,WINTER PARK,FLORIDA,2018.0,45.0,20.0,18.0,5.0,57.8,25.0,0.0,0.0
585,ASPIRE FERTILITY-ATLANTA,ATLANTA,GEORGIA,2018.0,0.0,0.0,0.0,0.0,0.0,0.0,0.0,0.0
586,ATLANTA CENTER FOR REPRODUCTIVE MEDICINE,ATLANTA,GEORGIA,2018.0,315.0,161.0,175.0,65.0,55.2,44.1,25.7,12.3
587,EMORY REPRODUCTIVE CENTER,ATLANTA,GEORGIA,2018.0,83.0,71.0,50.0,25.0,67.5,39.4,32.0,8.0
588,REPRODUCTIVE BIOLOGY ASSOCIATES,ATLANTA,GEORGIA,2018.0,333.0,172.0,128.0,51.0,51.7,45.3,28.1,23.5
589,SHADY GROVE FERTILITY-ATLANTA,ATLANTA,GEORGIA,2018.0,74.0,55.0,51.0,18.0,58.1,41.8,33.3,0.0
590,REPRODUCTIVE MEDICINE AND INFERTILITY ASSOCIATES,AUGUSTA,GEORGIA,2018.0,44.0,22.0,14.0,9.0,65.9,50.0,0.0,0.0
591,SERVY FERTILITY INSTITUTE,AUGUSTA,GEORGIA,2018.0,48.0,32.0,23.0,17.0,35.4,37.5,8.7,0.0
592,"COLUMBUS CENTER FOR REPRODUCTIVE ENDOCRINOLOGY & INFERTILITY, LLC",COLUMBUS,GEORGIA,2018.0,48.0,17.0,11.0,5.0,58.3,52.94117647058823,0.0,0.0
593,THE GEORGIA CENTER FOR REPRODUCTIVE MEDICINE,SAVANNAH,GEORGIA,2018.0,76.0,29.0,15.0,8.0,65.8,37.9,0.0,0.0
594,ADVANCED REPRODUCTIVE CENTER OF HAWAII,HONOLULU,HAWAII,2018.0,29.0,32.0,29.0,12.0,72.4,40.6,34.5,0.0
595,FERTILITY INSTITUTE OF HAWAII,HONOLULU,HAWAII,2018.0,48.0,27.0,20.0,15.0,58.3,44.4,40.0,0.0
596,IVF HAWAII,HONOLULU,HAWAII,2018.0,22.0,37.0,31.0,11.0,50.0,40.5,29.0,0.0
597,"KAISER PERMANENTE HAWAII REGION, REPRODUCTIVE MEDICINE DIVISION",HONOLULU,HAWAII,2018.0,0.0,0.0,0.0,0.0,0.0,0.0,0.0,0.0
598,PACIFIC IN VITRO FERTILIZATION INSTITUTE,HONOLULU,HAWAII,2018.0,36.0,41.0,30.0,15.0,52.8,36.6,16.7,0.0
599,TRIPLER ARMY MEDICAL CENTER IVF INSTITUTE,TRIPLER AMC,HAWAII,2018.0,65.0,44.0,36.0,10.0,38.5,38.6,22.2,0.0
600,IDAHO CENTER FOR REPRODUCTIVE MEDICINE,BOISE,IDAHO,2018.0,84.0,36.0,31.0,6.0,63.1,38.9,25.8,0.0
601,RUSH-COPLEY CENTER FOR REPRODUCTIVE HEALTH,AURORA,ILLINOIS,2018.0,47.0,26.0,13.0,11.0,19.1,11.5,0.0,0.0
602,CENTER FOR REPRODUCTIVE CARE,CHICAGO,ILLINOIS,2018.0,43.0,36.0,29.0,20.0,39.5,33.3,10.3,15.0
603,FERTILITY CENTERS OF ILLINOIS-RIVER NORTH IVF,CHICAGO,ILLINOIS,2018.0,699.0,475.0,440.0,187.0,51.1,37.3,20.0,8.0
604,INSTITUTE FOR HUMAN REPRODUCTION (IHR),CHICAGO,ILLINOIS,2018.0,93.0,61.0,86.0,54.0,44.1,27.9,11.6,7.4
605,NORTHWESTERN FERTILITY AND REPRODUCTIVE MEDICINE,CHICAGO,ILLINOIS,2018.0,360.0,276.0,214.0,79.0,50.3,35.9,23.4,10.1
606,UNIVERSITY OF CHICAGO MEDICINE CENTER FOR REPRODUCTIVE MEDICINE AND FERTILITY,CHICAGO,ILLINOIS,2018.0,28.0,20.0,28.0,5.0,25.0,20.0,10.7,0.0
607,UNIVERSITY OF ILLINOIS AT CHICAGO IVF PROGRAM,CHICAGO,ILLINOIS,2018.0,40.0,38.0,26.0,10.0,45.0,34.2,34.6,0.0
608,VIOS FERTILITY INSTITUTE-CHICAGO,CHICAGO,ILLINOIS,2018.0,51.0,65.0,64.0,50.0,52.9,26.2,20.3,12.0
609,CENTER FOR REPRODUCTIVE HEALTH/JOLIET IVF,CREST HILL,ILLINOIS,2018.0,57.0,15.0,16.0,0.0,52.6,40.0,0.0,0.0
610,MIDWEST FERTILITY CENTER,DOWNERS GROVE,ILLINOIS,2018.0,36.0,21.0,21.0,14.0,38.9,57.1,19.0,0.0
611,"CHICAGO INFERTILITY ASSOCIATES, LTD",ELK GROVE VILLAGE,ILLINOIS,2018.0,0.0,0.0,0.0,0.0,0.0,0.0,0.0,0.0
612,"DAVIES FERTILITY & IVF SPECIALISTS, SC",GLENVIEW,ILLINOIS,2018.0,86.0,47.0,36.0,24.0,59.3,38.3,22.2,0.0
613,ADVANCED FERTILITY CENTER OF CHICAGO,GURNEE,ILLINOIS,2018.0,245.0,137.0,136.0,54.0,66.1,56.2,34.6,22.2
614,FERTILITY CENTERS OF ILLINOIS-HIGHLAND PARK IVF CENTER,HIGHLAND PARK,ILLINOIS,2018.0,293.0,202.0,254.0,95.0,37.9,30.7,18.5,11.6
615,HINSDALE CENTER FOR REPRODUCTION,HINSDALE,ILLINOIS,2018.0,16.0,11.0,8.0,0.0,56.25,0.0,0.0,0.0
616,INVIA FERTILITY SPECIALISTS,HOFFMAN ESTATES,ILLINOIS,2018.0,192.0,105.0,95.0,51.0,53.6,40.0,22.1,11.8
617,THE ADVANCED IVF INSTITUTE,NAPERVILLE,ILLINOIS,2018.0,144.0,76.0,65.0,27.0,56.3,31.6,27.7,14.8
618,IVF1,NAPERVILLE,ILLINOIS,2018.0,142.0,93.0,77.0,48.0,54.2,45.2,35.1,12.5
619,REPRODUCTIVE MEDICINE INSTITUTE,OAK BROOK,ILLINOIS,2018.0,279.0,190.0,177.0,76.0,51.6,31.6,15.8,6.6
620,"DANIEL ROSTEIN, MD, SC",OAK BROOK,ILLINOIS,2018.0,0.0,0.0,0.0,0.0,0.0,0.0,0.0,0.0
621,ADVANCED REPRODUCTIVE CENTER,ROCKFORD,ILLINOIS,2018.0,53.0,19.0,9.0,0.0,50.9,31.57894736842105,0.0,0.0
622,CHICAGO IVF,SKOKIE,ILLINOIS,2018.0,159.0,73.0,67.0,38.0,25.8,16.4,11.9,10.5
623,NORTH SHORE FERTILITY,SKOKIE,ILLINOIS,2018.0,37.0,26.0,17.0,17.0,2.7,11.5,0.0,0.0
624,SOUTHERN ILLINOIS UNIVERSITY SCHOOL OF MEDICINE FERTILITY AND IVF CENTER,SPRINGFIELD,ILLINOIS,2018.0,67.0,28.0,10.0,10.0,62.7,53.6,0.0,0.0
625,VIOS FERTILITY INSTITUTE-SWANSEA,SWANSEA,ILLINOIS,2018.0,147.0,71.0,39.0,18.0,51.7,25.4,15.4,0.0
626,"SETH LEVRANT, MD, PC",TINLEY PARK,ILLINOIS,2018.0,27.0,22.0,17.0,0.0,33.3,13.6,35.294117647058826,0.0
627,MIDWEST FERTILITY SPECIALISTS,CARMEL,INDIANA,2018.0,261.0,109.0,69.0,20.0,39.8,22.9,23.2,5.0
628,ADVANCED FERTILITY GROUP,INDIANAPOLIS,INDIANA,2018.0,25.0,0.0,0.0,5.0,28.0,0.0,0.0,0.0
629,COMMUNITY FERTILITY SPECIALTY CARE,INDIANAPOLIS,INDIANA,2018.0,58.0,19.0,18.0,6.0,56.9,57.89473684210526,33.333333333333336,0.0
630,"FAMILY BEGINNINGS, PC",INDIANAPOLIS,INDIANA,2018.0,73.0,36.0,30.0,24.0,11.0,11.1,3.3,0.0
631,HENRY FERTILITY DBA,INDIANAPOLIS,INDIANA,2018.0,59.0,15.0,11.0,0.0,66.1,0.0,0.0,0.0
632,INDIANA FERTILITY INSTITUTE,INDIANAPOLIS,INDIANA,2018.0,171.0,65.0,41.0,15.0,40.9,33.8,29.3,0.0
633,INDIANA UNIVERSITY HOSPITAL,INDIANAPOLIS,INDIANA,2018.0,9.0,0.0,0.0,0.0,55.55555555555556,0.0,0.0,0.0
634,BOSTON IVF AT THE WOMEN'S HOSPITAL,NEWBURGH,INDIANA,2018.0,112.0,25.0,21.0,17.0,69.6,32.0,23.8,0.0
635,"MID-IOWA FERTILITY, PC",CLIVE,IOWA,2018.0,263.0,82.0,74.0,14.0,48.3,34.1,9.5,0.0
636,UNIVERSITY OF IOWA HOSPITALS AND CLINICS,IOWA CITY,IOWA,2018.0,245.0,91.0,71.0,28.0,66.5,62.6,36.6,21.4
637,"MIDWEST REPRODUCTIVE CENTER, PA",OLATHE,KANSAS,2018.0,106.0,32.0,25.0,9.0,57.5,25.0,20.0,0.0
638,CENTER FOR ADVANCED REPRODUCTIVE MEDICINE,OVERLAND PARK,KANSAS,2018.0,179.0,69.0,47.0,12.0,47.5,31.9,44.7,0.0
639,REPRODUCTIVE RESOURCE CENTER OF GREATER KANSAS CITY,OVERLAND PARK,KANSAS,2018.0,123.0,40.0,21.0,5.0,46.3,37.5,38.1,0.0
640,BLUEGRASS FERTILITY CENTER,LEXINGTON,KENTUCKY,2018.0,95.0,22.0,13.0,8.0,43.2,27.3,0.0,0.0
641,THE LEXINGTON FERTILITY CENTER,LEXINGTON,KENTUCKY,2018.0,9.0,0.0,0.0,0.0,0.0,0.0,0.0,0.0
642,FERTILITY AND ENDOCRINE ASSOCIATES,LOUISVILLE,KENTUCKY,2018.0,41.0,18.0,8.0,0.0,26.8,0.0,0.0,0.0
643,"KENTUCKY FERTILITY INSTITUTE, LLC",LOUISVILLE,KENTUCKY,2018.0,81.0,39.0,20.0,0.0,54.3,46.2,25.0,0.0
644,"FERTILITY ANSWERS, LLC-BATON ROUGE",BATON ROUGE,LOUISIANA,2018.0,50.0,18.0,15.0,0.0,38.0,0.0,0.0,0.0
645,"FERTILITY ANSWERS, LLC-LAFAYETTE",LAFAYETTE,LOUISIANA,2018.0,50.0,32.0,7.0,5.0,34.0,15.6,0.0,0.0
646,FERTILITY INSTITUTE OF NEW ORLEANS,MANDEVILLE,LOUISIANA,2018.0,196.0,90.0,65.0,23.0,39.3,28.9,16.9,4.3
647,AUDUBON FERTILITY,NEW ORLEANS,LOUISIANA,2018.0,95.0,40.0,43.0,13.0,66.3,50.0,32.6,0.0
648,ARKLATEX FERTILITY AND REPRODUCTIVE MEDICINE,SHREVEPORT,LOUISIANA,2018.0,69.0,21.0,10.0,8.0,58.0,33.3,50.0,0.0
649,"BOSTON IVF, LLC THE MAINE CENTER",SOUTH PORTLAND,MAINE,2018.0,109.0,46.0,31.0,20.0,56.9,47.8,54.8,30.0
650,"THE A.R.T. INSTITUTE OF WASHINGTON, INC.",BETHESDA,MARYLAND,2018.0,154.0,94.0,92.0,42.0,61.7,40.4,25.0,21.4
651,"ENDRIKA HINTON, MD",LUTHERVILLE,MARYLAND,2018.0,11.0,6.0,8.0,0.0,0.0,0.0,0.0,0.0
652,JOHNS HOPKINS FERTILITY CENTER,LUTHERVILLE,MARYLAND,2018.0,150.0,77.0,139.0,75.0,27.3,22.1,10.8,1.3
653,MONTGOMERY FERTILITY CENTER,ROCKVILLE,MARYLAND,2018.0,17.0,18.0,14.0,0.0,29.41176470588235,33.333333333333336,0.0,0.0
654,SHADY GROVE FERTILITY-ROCKVILLE,ROCKVILLE,MARYLAND,2018.0,1523.0,1085.0,1047.0,581.0,57.6,44.6,28.6,12.2
655,FERTILITY CENTER OF MARYLAND,TOWSON,MARYLAND,2018.0,103.0,58.0,51.0,21.0,47.6,32.8,21.6,14.3
656,SHADY GROVE FERTILITY-TOWSON,TOWSON,MARYLAND,2018.0,546.0,253.0,246.0,111.0,51.5,41.1,19.1,9.0
657,BRIGHAM AND WOMEN'S HOSPITAL CENTER FOR ASSISTED REPRODUCTIVE TECHNOLOGY,BOSTON,MASSACHUSETTS,2018.0,451.0,276.0,288.0,132.0,54.8,39.9,27.4,16.7
658,MASSACHUSETTS GENERAL HOSPITAL FERTILITY CENTER,BOSTON,MASSACHUSETTS,2018.0,222.0,167.0,122.0,66.0,53.6,43.1,36.1,24.2
659,"FERTILITY SOLUTIONS, PC",DEDHAM,MASSACHUSETTS,2018.0,129.0,103.0,94.0,40.0,38.8,36.9,23.4,20.0
660,CCRM BOSTON,NEWTON,MASSACHUSETTS,2018.0,7.0,0.0,6.0,6.0,71.42857142857143,0.0,0.0,0.0
661,"FERTILITY CENTERS OF NEW ENGLAND, INC.",READING,MASSACHUSETTS,2018.0,418.0,221.0,154.0,73.0,49.0,41.6,27.3,8.2
662,BAYSTATE REPRODUCTIVE MEDICINE,SPRINGFIELD,MASSACHUSETTS,2018.0,147.0,84.0,90.0,26.0,55.1,46.4,23.3,15.4
663,"CARDONE REPRODUCTIVE MEDICINE AND INFERTILITY, LLC",STONEHAM,MASSACHUSETTS,2018.0,72.0,51.0,57.0,24.0,48.6,41.2,14.0,0.0
664,"BOSTON IVF, LLC",WALTHAM,MASSACHUSETTS,2018.0,827.0,588.0,610.0,254.0,50.1,37.2,24.6,12.6
665,UNIVERSITY OF MICHIGAN CENTER FOR REPRODUCTIVE MEDICINE,ANN ARBOR,MICHIGAN,2018.0,181.0,76.0,52.0,37.0,51.9,32.9,25.0,10.8
666,IVF MICHIGAN FERTILITY CENTERS,BLOOMFIELD HILLS,MICHIGAN,2018.0,371.0,133.0,88.0,32.0,60.6,42.9,28.4,9.4
667,MICHIGAN REPRODUCTIVE MEDICINE,BLOOMFIELD HILLS,MICHIGAN,2018.0,52.0,28.0,37.0,12.0,32.7,28.6,21.6,0.0
668,GAGO IVF,BRIGHTON,MICHIGAN,2018.0,47.0,21.0,20.0,8.0,42.6,42.9,20.0,0.0
669,"MICHIGAN REPRODUCTIVE & IVF CENTER, PC",GRAND RAPIDS,MICHIGAN,2018.0,282.0,96.0,86.0,32.0,50.0,46.9,26.7,15.6
670,"IVF MICHIGAN ROCHESTER HILLS & FLINT, PC",ROCHESTER HILLS,MICHIGAN,2018.0,143.0,58.0,49.0,22.0,52.4,50.0,30.6,9.1
671,WAYNE STATE UNIVERSITY PHYSICIAN GROUP,SOUTHFIELD,MICHIGAN,2018.0,10.0,11.0,5.0,0.0,60.0,0.0,0.0,0.0
672,HENRY FORD REPRODUCTIVE MEDICINE,TROY,MICHIGAN,2018.0,19.0,7.0,12.0,0.0,42.10526315789474,0.0,0.0,0.0
673,REPRODUCTIVE MEDICINE ASSOCIATES OF MICHIGAN,TROY,MICHIGAN,2018.0,124.0,86.0,82.0,46.0,58.9,39.5,31.7,15.2
674,"MICHIGAN CENTER FOR FERTILITY AND WOMEN'S HEALTH, PLC",WARREN,MICHIGAN,2018.0,65.0,35.0,23.0,24.0,53.8,42.9,30.4,4.2
675,CCRM MINNEAPOLIS,EDINA,MINNESOTA,2018.0,111.0,66.0,62.0,18.0,62.2,50.0,35.5,0.0
676,"MIDWEST CENTER FOR REPRODUCTIVE HEALTH, PA",MAPLE GROVE,MINNESOTA,2018.0,81.0,32.0,6.0,0.0,66.7,37.5,0.0,0.0
677,CENTER FOR REPRODUCTIVE MEDICINE,MINNEAPOLIS,MINNESOTA,2018.0,390.0,162.0,169.0,41.0,60.0,45.7,25.4,19.5
678,MAYO CLINIC ASSISTED REPRODUCTIVE TECHNOLOGIES,ROCHESTER,MINNESOTA,2018.0,160.0,56.0,38.0,11.0,57.5,35.7,26.3,0.0
679,REPRODUCTIVE MEDICINE & INFERTILITY ASSOCIATES,WOODBURY,MINNESOTA,2018.0,256.0,98.0,60.0,34.0,64.8,45.9,25.0,11.8
680,"MISSISSIPPI REPRODUCTIVE MEDICINE, PLLC",FLOWOOD,MISSISSIPPI,2018.0,54.0,29.0,7.0,0.0,37.0,20.7,0.0,0.0
681,UNIVERSITY OF MISSISSIPPI MEDICAL CENTER,FLOWOOD,MISSISSIPPI,2018.0,52.0,22.0,17.0,9.0,55.8,40.9,0.0,0.0
682,POSITIVE STEPS FERTILITY,MADISON,MISSISSIPPI,2018.0,0.0,0.0,0.0,0.0,0.0,0.0,0.0,0.0
683,INFERTILITY CENTER OF ST. LOUIS,CHESTERFIELD,MISSOURI,2018.0,158.0,89.0,83.0,87.0,22.8,12.4,13.3,2.3
684,MCRM FERTILITY,CHESTERFIELD,MISSOURI,2018.0,283.0,98.0,101.0,50.0,29.0,25.5,7.9,4.0
685,MISSOURI FERTILITY,COLUMBIA,MISSOURI,2018.0,53.0,14.0,12.0,7.0,69.8,64.28571428571429,41.666666666666664,0.0
686,MU HEALTHCARE,COLUMBIA,MISSOURI,2018.0,0.0,0.0,0.0,0.0,0.0,0.0,0.0,0.0
687,BLUE SKY FERTILITY,KANSAS CITY,MISSOURI,2018.0,29.0,13.0,8.0,0.0,58.6,61.53846153846154,0.0,0.0
688,MIDWEST WOMEN'S HEALTHCARE SPECIALISTS,KANSAS CITY,MISSOURI,2018.0,43.0,15.0,8.0,0.0,58.1,0.0,0.0,0.0
689,FERTILITY PARTNERSHIP,SAINT PETERS,MISSOURI,2018.0,79.0,30.0,24.0,13.0,58.2,33.3,29.2,0.0
690,CENTER FOR REPRODUCTIVE MEDICINE & ROBOTIC SURGERY,ST. LOUIS,MISSOURI,2018.0,21.0,12.0,0.0,0.0,42.9,0.0,0.0,0.0
691,FERTILITY AND REPRODUCTIVE MEDICINE CENTER,ST. LOUIS,MISSOURI,2018.0,289.0,118.0,78.0,19.0,57.4,33.1,29.5,0.0
692,SHER INSTITUTE FOR REPRODUCTIVE MEDICINE-ST. LOUIS,ST. LOUIS,MISSOURI,2018.0,154.0,68.0,30.0,11.0,42.9,27.9,13.3,0.0
693,BILLINGS CLINIC,BILLINGS,MONTANA,2018.0,85.0,26.0,25.0,6.0,58.8,38.5,20.0,0.0
694,REPRODUCTIVE HEALTH SPECIALISTS,ELKHORN,NEBRASKA,2018.0,173.0,53.0,49.0,15.0,54.3,47.2,18.4,0.0
695,"HEARTLAND CENTER FOR REPRODUCTIVE MEDICINE, PC",OMAHA,NEBRASKA,2018.0,139.0,38.0,42.0,10.0,53.2,34.2,9.5,0.0
696,GREEN VALLEY FERTILITY PARTNERS,HENDERSON,NEVADA,2018.0,55.0,32.0,65.0,23.0,58.2,50.0,12.3,8.7
697,FERTILITY CENTER OF LAS VEGAS,LAS VEGAS,NEVADA,2018.0,84.0,51.0,52.0,36.0,50.0,43.1,32.7,0.0
698,RED ROCK FERTILITY CENTER,LAS VEGAS,NEVADA,2018.0,43.0,22.0,32.0,15.0,51.2,36.4,12.5,0.0
699,SHER INSTITUTE FOR REPRODUCTIVE MEDICINE-LAS VEGAS,LAS VEGAS,NEVADA,2018.0,99.0,33.0,38.0,33.0,26.3,24.2,21.1,6.1
700,THE NEVADA CENTER FOR REPRODUCTIVE MEDICINE,RENO,NEVADA,2018.0,90.0,36.0,43.0,11.0,54.4,36.1,23.3,0.0
701,REPRODUCTIVE MEDICINE ASSOCIATES OF NEW JERSEY,BASKING RIDGE,NEW JERSEY,2018.0,1122.0,669.0,678.0,288.0,66.7,56.8,35.7,20.8
702,CLIFTON LOW COST IVF,CLIFTON,NEW JERSEY,2018.0,8.0,0.0,0.0,0.0,0.0,0.0,0.0,0.0
703,NJ BEST OB/GYN,CLIFTON,NEW JERSEY,2018.0,8.0,0.0,0.0,0.0,0.0,0.0,0.0,0.0
704,REPRODUCTIVE SCIENCE CENTER OF NEW JERSEY,EATONTOWN,NEW JERSEY,2018.0,104.0,62.0,50.0,10.0,47.1,38.7,16.0,0.0
705,CENTER FOR ADVANCED REPRODUCTIVE MEDICINE & FERTILITY,EDISON,NEW JERSEY,2018.0,88.0,42.0,52.0,20.0,55.7,35.7,34.6,15.0
706,WOMEN'S FERTILITY CENTER,ENGLEWOOD,NEW JERSEY,2018.0,18.0,11.0,11.0,5.0,50.0,45.45454545454545,0.0,0.0
707,NORTH HUDSON IVF,ENGLEWOOD CLIFFS,NEW JERSEY,2018.0,0.0,0.0,0.0,0.0,0.0,0.0,0.0,0.0
708,"UNIVERSITY REPRODUCTIVE ASSOCIATES, PC",HASBROUCK HEIGHTS,NEW JERSEY,2018.0,99.0,61.0,71.0,42.0,37.4,23.0,23.9,16.7
709,SHORE INSTITUTE FOR REPRODUCTIVE MEDICINE DBA,LAKEWOOD,NEW JERSEY,2018.0,43.0,48.0,30.0,9.0,48.8,12.5,20.0,0.0
710,"DELAWARE VALLEY OBGYN & INFERTILITY GROUP, PC",LAWRENCEVILLE,NEW JERSEY,2018.0,29.0,18.0,17.0,7.0,41.4,0.0,0.0,0.0
711,INSTITUTE FOR REPRODUCTIVE MEDICINE AND SCIENCE,LIVINGSTON,NEW JERSEY,2018.0,249.0,166.0,205.0,95.0,49.8,34.3,19.0,9.5
712,DELAWARE VALLEY INSTITUTE OF FERTILITY AND GENETICS,MARLTON,NEW JERSEY,2018.0,35.0,28.0,9.0,5.0,54.3,42.9,0.0,0.0
713,SOUTH JERSEY FERTILITY CENTER,MARLTON,NEW JERSEY,2018.0,144.0,46.0,46.0,37.0,54.2,50.0,37.0,8.1
714,DIAMOND INSTITUTE FOR INFERTILITY & MENOPAUSE,MILLBURN,NEW JERSEY,2018.0,82.0,42.0,66.0,26.0,37.8,45.2,9.1,0.0
715,"COOPER INSTITUTE FOR REPRODUCTIVE HORMONAL DISORDERS, PC",MOUNT LAUREL,NEW JERSEY,2018.0,107.0,94.0,119.0,63.0,42.1,20.2,6.7,6.3
716,FERTILITY INSTITUTE OF NEW JERSEY AND NEW YORK,ORADELL,NEW JERSEY,2018.0,70.0,50.0,52.0,25.0,60.0,48.0,26.9,20.0
717,VALLEY HOSPITAL FERTILITY CENTER,PARAMUS,NEW JERSEY,2018.0,90.0,62.0,58.0,38.0,44.4,32.3,22.4,10.5
718,DAMIEN FERTILITY PARTNERS,SHREWSBURY,NEW JERSEY,2018.0,95.0,69.0,57.0,34.0,53.7,40.6,29.8,17.6
719,CENTER FOR REPRODUCTIVE MEDICINE AND FERTILITY,VOORHEES,NEW JERSEY,2018.0,53.0,20.0,12.0,8.0,62.3,35.0,41.666666666666664,0.0
720,"CAPERTON FERTILITY INSTITUTE, LLC",ALBUQUERQUE,NEW MEXICO,2018.0,79.0,56.0,45.0,10.0,34.2,32.1,17.8,0.0
721,"THE FERTILITY CENTER OF NEW MEXICO, LLC",ALBUQUERQUE,NEW MEXICO,2018.0,39.0,29.0,21.0,8.0,51.3,37.9,33.3,0.0
722,GENESIS FERTILITY & REPRODUCTIVE MEDICINE,BROOKLYN,NEW YORK,2018.0,132.0,70.0,124.0,36.0,46.2,32.9,23.4,16.7
723,"INFERTILITY & IVF MEDICAL ASSOCIATES OF WESTERN NEW YORK, PLLC DBA",BUFFALO,NEW YORK,2018.0,202.0,91.0,65.0,49.0,43.1,31.9,26.2,10.2
724,"HUDSON VALLEY FERTILITY, PLLC",FISHKILL,NEW YORK,2018.0,65.0,42.0,68.0,33.0,43.1,26.2,13.2,9.1
725,THE NEW YORK FERTILITY CENTER,FLUSHING,NEW YORK,2018.0,82.0,56.0,39.0,29.0,28.0,14.3,12.8,3.4
726,MONTEFIORE'S INSTITUTE FOR REPRODUCTIVE MEDICINE AND HEALTH,HARTSDALE,NEW YORK,2018.0,37.0,37.0,33.0,24.0,59.5,40.5,30.3,12.5
727,"BOSTON IVF, THE ALBANY CENTER",LOUDONVILLE,NEW YORK,2018.0,166.0,89.0,77.0,36.0,45.2,23.6,14.3,2.8
728,NORTHWELL HEALTH FERTILITY,MANHASSET,NEW YORK,2018.0,265.0,186.0,203.0,88.0,60.0,44.1,30.0,18.2
729,RMA LONG ISLAND IVF,MELVILLE,NEW YORK,2018.0,210.0,150.0,180.0,81.0,53.3,33.3,18.3,7.4
730,NYU LANGONE REPRODUCTIVE SPECIALISTS OF NEW YORK,MINEOLA,NEW YORK,2018.0,215.0,189.0,189.0,124.0,52.6,30.7,16.4,10.5
731,WESTCHESTER REPRODUCTIVE MEDICINE,MOUNT KISCO,NEW YORK,2018.0,7.0,0.0,0.0,0.0,0.0,0.0,0.0,0.0
732,"ADVANCED FERTILITY SERVICES, PC",NEW YORK,NEW YORK,2018.0,11.0,9.0,5.0,0.0,0.0,0.0,0.0,0.0
733,CCRM NEW YORK,NEW YORK,NEW YORK,2018.0,107.0,77.0,105.0,70.0,50.5,37.7,22.9,4.3
734,CENTER FOR HUMAN REPRODUCTION (CHR),NEW YORK,NEW YORK,2018.0,42.0,41.0,67.0,57.0,16.7,24.4,6.0,3.5
735,CHELSEA FERTILITY NYC,NEW YORK,NEW YORK,2018.0,44.0,14.0,37.0,12.0,25.0,0.0,10.8,0.0
736,COLUMBIA UNIVERSITY FERTILITY CENTER,NEW YORK,NEW YORK,2018.0,107.0,136.0,173.0,145.0,42.1,22.8,18.5,6.2
737,EXTEND FERTILITY-EXPECT FERTILITY,NEW YORK,NEW YORK,2018.0,22.0,22.0,22.0,6.0,18.2,4.5,4.5,0.0
738,"GENERATION NEXT FERTILITY, PLLC",NEW YORK,NEW YORK,2018.0,35.0,50.0,58.0,60.0,8.6,2.0,13.8,5.0
739,"GLOBAL FERTILITY & GENETICS, NY",NEW YORK,NEW YORK,2018.0,0.0,0.0,0.0,0.0,0.0,0.0,0.0,0.0
740,KINDBODY-NEW YORK,NEW YORK,NEW YORK,2018.0,0.0,0.0,0.0,0.0,0.0,0.0,0.0,0.0
741,KOFINAS FERTILITY GROUP,NEW YORK,NEW YORK,2018.0,68.0,43.0,59.0,38.0,73.5,55.8,37.3,15.8
742,"ANDREW LOUCOPOULOS, MD, PHD",NEW YORK,NEW YORK,2018.0,8.0,7.0,6.0,0.0,0.0,0.0,0.0,0.0
743,MANHATTAN REPRODUCTIVE MEDICINE,NEW YORK,NEW YORK,2018.0,10.0,7.0,7.0,0.0,0.0,0.0,0.0,0.0
744,"METROPOLITAN REPRODUCTIVE MEDICINE, PC",NEW YORK,NEW YORK,2018.0,15.0,6.0,0.0,0.0,53.333333333333336,0.0,0.0,0.0
745,NEW HOPE FERTILITY CENTER,NEW YORK,NEW YORK,2018.0,408.0,302.0,696.0,544.0,41.9,26.2,11.4,5.7
746,NEW YORK FERTILITY INSTITUTE,NEW YORK,NEW YORK,2018.0,9.0,20.0,12.0,7.0,0.0,20.0,0.0,0.0
747,NEWAY MEDICAL,NEW YORK,NEW YORK,2018.0,31.0,36.0,44.0,40.0,41.9,16.7,6.8,2.5
748,NOBLE FERTILITY CENTER,NEW YORK,NEW YORK,2018.0,66.0,17.0,42.0,6.0,43.9,35.294117647058826,19.0,0.0
749,"NYC IN VITRO FERTILIZATION, PC",NEW YORK,NEW YORK,2018.0,0.0,0.0,0.0,0.0,0.0,0.0,0.0,0.0
750,NYU LANGONE FERTILITY CENTER,NEW YORK,NEW YORK,2018.0,328.0,273.0,319.0,222.0,54.3,37.0,29.2,14.4
751,"REPRODUCTIVE MEDICINE ASSOCIATES OF NEW YORK, LLP",NEW YORK,NEW YORK,2018.0,744.0,614.0,667.0,416.0,54.6,39.9,27.0,12.3
752,SHER INSTITUTE FOR REPRODUCTIVE MEDICINE-NEW YORK,NEW YORK,NEW YORK,2018.0,139.0,206.0,220.0,110.0,41.0,26.2,14.1,10.0
753,TRUENORTH FERTILITY,NEW YORK,NEW YORK,2018.0,5.0,0.0,5.0,0.0,0.0,0.0,0.0,0.0
754,WEILL CORNELL MEDICINE,NEW YORK,NEW YORK,2018.0,763.0,649.0,760.0,481.0,48.2,37.1,28.4,13.9
755,WESTMED REPRODUCTIVE SERVICES,PURCHASE,NEW YORK,2018.0,59.0,42.0,38.0,23.0,62.7,50.0,44.7,4.3
756,ROCHESTER REGIONAL HEALTH FERTILITY CARE,ROCHESTER,NEW YORK,2018.0,51.0,10.0,11.0,0.0,29.4,0.0,0.0,0.0
757,STRONG FERTILITY CENTER,ROCHESTER,NEW YORK,2018.0,101.0,38.0,43.0,21.0,44.6,39.5,11.6,0.0
758,"ISLAND REPRODUCTIVE SERVICES, PC",STATEN ISLAND,NEW YORK,2018.0,106.0,53.0,42.0,26.0,56.6,52.8,21.4,0.0
759,NEW YORK REPRODUCTIVE WELLNESS,SYOSSET,NEW YORK,2018.0,32.0,22.0,14.0,8.0,59.4,50.0,0.0,0.0
760,BOSTON IVF-THE SYRACUSE CENTER,SYRACUSE,NEW YORK,2018.0,0.0,0.0,0.0,0.0,0.0,0.0,0.0,0.0
761,CNY FERTILITY CENTER,SYRACUSE,NEW YORK,2018.0,1030.0,492.0,441.0,214.0,48.2,24.8,15.6,8.4
762,WESTCHESTER FERTILITY & REPRODUCTIVE ENDOCRINOLOGY,WHITE PLAINS,NEW YORK,2018.0,35.0,22.0,39.0,11.0,40.0,36.4,15.4,0.0
763,GOLD COAST IVF,WOODBURY,NEW YORK,2018.0,90.0,53.0,40.0,26.0,37.8,37.7,25.0,23.1
764,NORTH CAROLINA CENTER FOR REPRODUCTIVE MEDICINE,CARY,NORTH CAROLINA,2018.0,85.0,32.0,34.0,10.0,55.3,43.8,23.5,0.0
765,PROGRAM FOR ASSISTED REPRODUCTION AT ATRIUM HEALTH'S CAROLINAS MEDICAL CENTER,CHARLOTTE,NORTH CAROLINA,2018.0,143.0,61.0,44.0,18.0,60.8,49.2,31.8,0.0
766,REPRODUCTIVE ENDOCRINOLOGY ASSOCIATES OF CHARLOTTE,CHARLOTTE,NORTH CAROLINA,2018.0,213.0,118.0,111.0,63.0,53.5,34.7,19.8,6.3
767,DUKE FERTILITY CENTER,DURHAM,NORTH CAROLINA,2018.0,56.0,45.0,24.0,12.0,53.6,37.8,45.8,0.0
768,WOMACK ARMY MEDICAL CENTER,FORT BRAGG,NORTH CAROLINA,2018.0,60.0,26.0,9.0,8.0,38.3,38.5,0.0,0.0
769,"ATLANTIC REPRODUCTIVE MEDICINE SPECIALISTS, PA",RALEIGH,NORTH CAROLINA,2018.0,63.0,42.0,21.0,12.0,49.2,28.6,19.0,0.0
770,"CAROLINA CONCEPTIONS, PA",RALEIGH,NORTH CAROLINA,2018.0,189.0,84.0,56.0,30.0,65.6,52.4,37.5,10.0
771,UNC FERTILITY,RALEIGH,NORTH CAROLINA,2018.0,149.0,77.0,63.0,12.0,65.1,36.4,23.8,41.666666666666664
772,CAROLINAS FERTILITY INSTITUTE,WINSTON-SALEM,NORTH CAROLINA,2018.0,122.0,52.0,47.0,28.0,77.0,55.8,36.2,14.3
773,WAKE FOREST UNIVERSITY CENTER FOR REPRODUCTIVE MEDICINE,WINSTON-SALEM,NORTH CAROLINA,2018.0,120.0,64.0,46.0,16.0,70.8,59.4,30.4,37.5
774,SANFORD HEALTH REPRODUCTIVE MEDICINE INSTITUTE,FARGO,NORTH DAKOTA,2018.0,89.0,18.0,21.0,0.0,56.2,50.0,33.3,0.0
775,"FERTILITY UNLIMITED, INC.",AKRON,OHIO,2018.0,13.0,0.0,6.0,0.0,69.23076923076923,0.0,0.0,0.0
776,REPRODUCTIVE GYNECOLOGY & INFERTILITY-AKRON,AKRON,OHIO,2018.0,158.0,59.0,39.0,24.0,68.4,57.6,30.8,25.0
777,CLEVELAND CLINIC FERTILITY CENTER,BEACHWOOD,OHIO,2018.0,178.0,113.0,94.0,31.0,59.6,51.3,28.7,9.7
778,UNIVERSITY HOSPITALS FERTILITY CENTER,BEACHWOOD,OHIO,2018.0,163.0,62.0,84.0,25.0,39.3,35.5,11.9,4.0
779,BETHESDA FERTILITY CENTER,CINCINNATI,OHIO,2018.0,59.0,38.0,11.0,10.0,42.4,36.8,0.0,0.0
780,INSTITUTE FOR REPRODUCTIVE HEALTH,CINCINNATI,OHIO,2018.0,414.0,120.0,96.0,36.0,50.7,32.5,28.1,11.1
781,OHIO REPRODUCTIVE MEDICINE,COLUMBUS,OHIO,2018.0,226.0,110.0,82.0,26.0,54.4,34.5,24.4,3.8
782,SPRINGCREEK FERTILITY,DAYTON,OHIO,2018.0,84.0,32.0,20.0,6.0,50.0,34.4,15.0,0.0
783,THE FERTILITY WELLNESS INSTITUTE OF OHIO,WEST CHESTER,OHIO,2018.0,37.0,20.0,0.0,13.0,51.4,15.0,0.0,0.0
784,UC CENTER FOR REPRODUCTIVE HEALTH,WEST CHESTER,OHIO,2018.0,76.0,35.0,6.0,11.0,46.1,22.9,0.0,0.0
785,REPRODUCTIVE GYNECOLOGY & INFERTILITY-WESTERVILLE,WESTERVILLE,OHIO,2018.0,128.0,42.0,19.0,9.0,69.5,45.2,36.8421052631579,0.0
786,BENNETT FERTILITY INSTITUTE,OKLAHOMA CITY,OKLAHOMA,2018.0,99.0,53.0,27.0,11.0,51.5,26.4,11.1,0.0
787,OU PHYSICIANS REPRODUCTIVE MEDICINE,OKLAHOMA CITY,OKLAHOMA,2018.0,102.0,33.0,31.0,0.0,60.8,36.4,35.5,0.0
788,TULSA FERTILITY CENTER,TULSA,OKLAHOMA,2018.0,144.0,36.0,22.0,8.0,43.8,47.2,9.1,0.0
789,THE FERTILITY CENTER OF OREGON,EUGENE,OREGON,2018.0,42.0,20.0,21.0,8.0,59.5,40.0,28.6,0.0
790,OREGON FERTILITY INSTITUTE,PORTLAND,OREGON,2018.0,0.0,0.0,0.0,0.0,0.0,0.0,0.0,0.0
791,ORM FERTILITY-PORTLAND,PORTLAND,OREGON,2018.0,278.0,241.0,193.0,80.0,52.5,45.6,27.5,23.8
792,UNIVERSITY FERTILITY CONSULTANTS,PORTLAND,OREGON,2018.0,107.0,47.0,69.0,26.0,59.8,51.1,37.7,19.2
793,SINCERA REPRODUCTIVE MEDICINE,ABINGTON,PENNSYLVANIA,2018.0,180.0,104.0,73.0,34.0,48.9,28.8,23.3,8.8
794,REPRODUCTIVE MEDICINE ASSOCIATES OF PENNSYLVANIA,ALLENTOWN,PENNSYLVANIA,2018.0,56.0,36.0,19.0,0.0,67.9,61.1,42.10526315789474,0.0
795,FAMILY FERTILITY CENTER,BETHLEHEM,PENNSYLVANIA,2018.0,29.0,16.0,13.0,9.0,58.6,43.75,0.0,0.0
796,MAIN LINE FERTILITY AND REPRODUCTIVE MEDICINE,BRYN MAWR,PENNSYLVANIA,2018.0,213.0,124.0,145.0,47.0,43.7,33.9,20.7,8.5
797,GEISINGER MEDICAL CENTER FERTILITY PROGRAM,DANVILLE,PENNSYLVANIA,2018.0,36.0,16.0,10.0,5.0,41.7,31.25,0.0,0.0
798,PENN STATE MILTON S. HERSHEY MEDICAL CENTER,HERSHEY,PENNSYLVANIA,2018.0,39.0,14.0,9.0,0.0,43.6,0.0,0.0,0.0
799,REPRODUCTIVE MEDICINE ASSOCIATES OF PHILADELPHIA,KING OF PRUSSIA,PENNSYLVANIA,2018.0,268.0,144.0,125.0,37.0,52.6,36.1,21.6,5.4
800,SOCIETY HILL REPRODUCTIVE MEDICINE,PHILADELPHIA,PENNSYLVANIA,2018.0,20.0,22.0,7.0,5.0,45.0,45.5,0.0,0.0
801,UNIVERSITY OF PENNSYLVANIA,PHILADELPHIA,PENNSYLVANIA,2018.0,227.0,135.0,119.0,62.0,47.6,32.6,28.6,14.5
802,AHN CENTER FOR REPRODUCTIVE MEDICINE,PITTSBURGH,PENNSYLVANIA,2018.0,61.0,30.0,23.0,10.0,37.7,20.0,8.7,0.0
803,UNIVERSITY OF PITTSBURGH PHYSICIANS,PITTSBURGH,PENNSYLVANIA,2018.0,141.0,69.0,63.0,15.0,46.8,31.9,17.5,0.0
804,UPMC CENTER FOR FERTILITY AND REPRODUCTIVE ENDOCRINOLOGY,PITTSBURGH,PENNSYLVANIA,2018.0,96.0,59.0,32.0,6.0,60.4,55.9,31.3,0.0
805,SHADY GROVE FERTILITY-PENNSYLVANIA,WAYNE,PENNSYLVANIA,2018.0,197.0,99.0,75.0,16.0,68.0,47.5,42.7,0.0
806,"THE FERTILITY CENTER, LLC",YORK,PENNSYLVANIA,2018.0,50.0,11.0,6.0,0.0,42.0,81.81818181818181,0.0,0.0
807,"PEDRO J. BEAUCHAMP, MD IVF PROGRAM DBA",BAYAMON,PUERTO RICO,2018.0,28.0,29.0,18.0,19.0,46.4,41.4,0.0,26.31578947368421
808,CLINICA DE FERTILIDAD HIMA-SAN PABLO CAGUAS,CAGUAS,PUERTO RICO,2018.0,9.0,10.0,0.0,0.0,0.0,0.0,0.0,0.0
809,GREFI,SAN JUAN,PUERTO RICO,2018.0,7.0,7.0,10.0,0.0,0.0,0.0,0.0,0.0
810,WOMEN & INFANTS FERTILITY CENTER,PROVIDENCE,RHODE ISLAND,2018.0,200.0,105.0,91.0,51.0,48.5,38.1,27.5,15.7
811,"PIEDMONT REPRODUCTIVE ENDOCRINOLOGY GROUP, PA",GREENVILLE,SOUTH CAROLINA,2018.0,187.0,84.0,39.0,12.0,52.9,41.7,20.5,0.0
812,PRISMA HEALTH FERTILITY CENTER OF THE CAROLINAS,GREENVILLE,SOUTH CAROLINA,2018.0,79.0,24.0,33.0,9.0,53.2,62.5,33.3,0.0
813,COASTAL FERTILITY SPECIALISTS,MOUNT PLEASANT,SOUTH CAROLINA,2018.0,176.0,61.0,49.0,22.0,64.8,52.5,24.5,27.3
814,THE FERTILITY CENTER OF CHARLESTON,MOUNT PLEASANT,SOUTH CAROLINA,2018.0,39.0,22.0,15.0,10.0,41.0,31.8,0.0,0.0
815,SANFORD WOMEN'S HEALTH,SIOUX FALLS,SOUTH DAKOTA,2018.0,155.0,30.0,21.0,7.0,49.7,40.0,23.8,0.0
816,"FERTILITY CENTER, LLC",CHATTANOOGA,TENNESSEE,2018.0,79.0,26.0,15.0,0.0,31.6,26.9,0.0,0.0
817,TENNESSEE REPRODUCTIVE MEDICINE,CHATTANOOGA,TENNESSEE,2018.0,68.0,46.0,11.0,11.0,70.6,52.2,45.45454545454545,0.0
818,TENNESSEE FERTILITY INSTITUTE,FRANKLIN,TENNESSEE,2018.0,51.0,21.0,19.0,5.0,37.3,14.3,0.0,0.0
819,VANDERBILT FERTILITY CLINIC,FRANKLIN,TENNESSEE,2018.0,0.0,0.0,0.0,0.0,0.0,0.0,0.0,0.0
820,QUILLEN FERTILITY & WOMEN'S SERVICES,JOHNSON CITY,TENNESSEE,2018.0,20.0,7.0,5.0,0.0,45.0,0.0,0.0,0.0
821,"JEFFREY A. KEENAN, MD DBA",KNOXVILLE,TENNESSEE,2018.0,25.0,7.0,0.0,0.0,44.0,0.0,0.0,0.0
822,"KUTTEH KE FERTILITY ASSOCIATES OF MEMPHIS, PLLC",MEMPHIS,TENNESSEE,2018.0,157.0,58.0,44.0,6.0,68.8,51.7,20.5,0.0
823,REGIONAL ONE HEALTH REPRODUCTIVE MEDICINE,MEMPHIS,TENNESSEE,2018.0,9.0,0.0,0.0,0.0,0.0,0.0,0.0,0.0
824,THE CENTER FOR REPRODUCTIVE HEALTH,NASHVILLE,TENNESSEE,2018.0,17.0,8.0,0.0,0.0,41.1764705882353,0.0,0.0,0.0
825,NASHVILLE FERTILITY CENTER,NASHVILLE,TENNESSEE,2018.0,206.0,97.0,81.0,45.0,66.0,41.2,30.9,11.1
826,ASPIRE FERTILITY-DALLAS,ADDISON,TEXAS,2018.0,18.0,17.0,15.0,8.0,38.888888888888886,35.294117647058826,0.0,0.0
827,DFW CENTER FOR FERTILITY & IVF,ALLEN,TEXAS,2018.0,14.0,10.0,6.0,5.0,57.142857142857146,0.0,0.0,0.0
828,ASPIRE FERTILITY-AUSTIN,AUSTIN,TEXAS,2018.0,41.0,40.0,61.0,12.0,53.7,40.0,18.0,0.0
829,AUSTIN FERTILITY AND REPRODUCTIVE MEDICINE-WESTLAKE IVF,AUSTIN,TEXAS,2018.0,55.0,22.0,31.0,13.0,49.1,40.9,19.4,0.0
830,"AUSTIN FERTILITY INSTITUTE, PA",AUSTIN,TEXAS,2018.0,105.0,83.0,48.0,13.0,53.3,45.8,27.1,0.0
831,TEXAS FERTILITY CENTER,AUSTIN,TEXAS,2018.0,299.0,153.0,194.0,71.0,51.8,39.9,23.7,12.7
832,CENTER FOR ASSISTED REPRODUCTION,BEDFORD,TEXAS,2018.0,155.0,74.0,75.0,25.0,51.6,41.9,36.0,8.0
833,DALLAS-FORT WORTH FERTILITY ASSOCIATES,DALLAS,TEXAS,2018.0,293.0,137.0,163.0,68.0,58.4,51.1,26.4,8.8
834,FERTILITY AND ADVANCED REPRODUCTIVE MEDICINE,DALLAS,TEXAS,2018.0,39.0,32.0,51.0,32.0,53.8,15.6,17.6,6.3
835,FERTILITY CENTER OF DALLAS,DALLAS,TEXAS,2018.0,52.0,24.0,19.0,5.0,63.5,33.3,26.31578947368421,0.0
836,REPROMED FERTILITY CENTER,DALLAS,TEXAS,2018.0,78.0,40.0,35.0,22.0,60.3,25.0,17.1,0.0
837,SHER INSTITUTE FOR REPRODUCTIVE MEDICINE-DALLAS,DALLAS,TEXAS,2018.0,61.0,35.0,18.0,10.0,49.2,28.6,0.0,0.0
838,TEXAS CENTER FOR REPRODUCTIVE HEALTH,DALLAS,TEXAS,2018.0,13.0,9.0,8.0,0.0,0.0,66.66666666666667,0.0,0.0
839,"SOUTHWEST CENTER FOR REPRODUCTIVE HEALTH, PA",EL PASO,TEXAS,2018.0,29.0,17.0,16.0,0.0,62.1,70.58823529411765,43.75,0.0
840,BROOKE ARMY MEDICAL CENTER,FORT SAM HOUSTON,TEXAS,2018.0,67.0,29.0,28.0,0.0,47.8,34.5,17.9,0.0
841,"FORT WORTH FERTILITY, PA",FORT WORTH,TEXAS,2018.0,137.0,55.0,43.0,12.0,65.0,47.3,39.5,0.0
842,CCRM DALLAS-FORT WORTH,FRISCO,TEXAS,2018.0,65.0,25.0,22.0,0.0,61.5,20.0,27.3,0.0
843,DALLAS IVF,FRISCO,TEXAS,2018.0,201.0,84.0,87.0,33.0,48.3,44.0,21.8,21.2
844,"FERTILITY SPECIALISTS OF TEXAS, PLLC",FRISCO,TEXAS,2018.0,272.0,102.0,77.0,29.0,54.0,41.2,31.2,13.8
845,ADVANCED FERTILITY CENTER OF TEXAS,HOUSTON,TEXAS,2018.0,49.0,35.0,26.0,20.0,51.0,14.3,23.1,10.0
846,ASPIRE FERTILITY-HOUSTON,HOUSTON,TEXAS,2018.0,240.0,154.0,130.0,67.0,40.0,33.1,16.9,9.0
847,COOPER INSTITUTE FOR ADVANCED REPRODUCTIVE MEDICINE,HOUSTON,TEXAS,2018.0,27.0,9.0,12.0,8.0,22.2,0.0,0.0,0.0
848,FAMILY FERTILITY CENTER,HOUSTON,TEXAS,2018.0,99.0,46.0,40.0,9.0,41.4,41.3,27.5,0.0
849,THE HEARD INSTITUTE,HOUSTON,TEXAS,2018.0,0.0,0.0,0.0,0.0,0.0,0.0,0.0,0.0
850,HOUSTON FERTILITY INSTITUTE,HOUSTON,TEXAS,2018.0,638.0,313.0,271.0,113.0,64.9,47.6,23.6,13.3
851,HOUSTON INFERTILITY CLINIC,HOUSTON,TEXAS,2018.0,0.0,0.0,0.0,0.0,0.0,0.0,0.0,0.0
852,HOUSTON IVF DBA,HOUSTON,TEXAS,2018.0,200.0,123.0,114.0,42.0,58.5,48.8,28.9,23.8
853,CONCEIVE FERTILITY CENTER,IRVING,TEXAS,2018.0,0.0,0.0,0.0,0.0,0.0,0.0,0.0,0.0
854,IVFMD,IRVING,TEXAS,2018.0,115.0,38.0,37.0,7.0,53.0,39.5,27.0,0.0
855,THE CENTRE FOR REPRODUCTIVE MEDICINE,LUBBOCK,TEXAS,2018.0,35.0,15.0,8.0,0.0,37.1,53.333333333333336,0.0,0.0
856,TEXAS TECH UNIVERSITY HEALTH SCIENCES CENTER,LUBBOCK,TEXAS,2018.0,40.0,15.0,15.0,0.0,47.5,0.0,0.0,0.0
857,REPRODUCTIVE INSTITUTE OF SOUTH TEXAS,MCALLEN,TEXAS,2018.0,34.0,24.0,16.0,10.0,50.0,37.5,0.0,0.0
858,"ADVANCED FERTILITY CENTERS, PLLC",ODESSA,TEXAS,2018.0,14.0,8.0,5.0,0.0,42.857142857142854,0.0,0.0,0.0
859,IVF PLANO,PLANO,TEXAS,2018.0,67.0,32.0,47.0,11.0,65.7,40.6,14.9,0.0
860,PRESBYTERIAN HOSPITAL ARTS,PLANO,TEXAS,2018.0,36.0,19.0,17.0,8.0,44.4,0.0,0.0,0.0
861,ASPIRE FERTILITY-SAN ANTONIO,SAN ANTONIO,TEXAS,2018.0,205.0,81.0,92.0,28.0,55.1,44.4,31.5,28.6
862,FERTILITY CENTER OF SAN ANTONIO,SAN ANTONIO,TEXAS,2018.0,131.0,64.0,79.0,29.0,48.1,45.3,29.1,3.4
863,INSTITUTE FOR WOMEN'S HEALTH,SAN ANTONIO,TEXAS,2018.0,19.0,9.0,5.0,6.0,0.0,0.0,0.0,0.0
864,UT HEALTH SAN ANTONIO REPRODUCTIVE HEALTH AND FERTILITY CENTER,SAN ANTONIO,TEXAS,2018.0,27.0,12.0,12.0,10.0,55.6,41.666666666666664,0.0,0.0
865,SCOTT & WHITE CLINIC-TEMPLE,TEMPLE,TEXAS,2018.0,95.0,35.0,32.0,9.0,31.6,17.1,6.3,0.0
866,HART FERTILITY CLINIC,THE WOODLANDS,TEXAS,2018.0,23.0,12.0,10.0,5.0,56.5,0.0,0.0,0.0
867,CENTER OF REPRODUCTIVE MEDICINE (CORM),WEBSTER,TEXAS,2018.0,161.0,75.0,37.0,16.0,58.4,49.3,37.8,0.0
868,UTAH FERTILITY CENTER,PLEASANT GROVE,UTAH,2018.0,399.0,114.0,85.0,47.0,67.4,52.6,30.6,10.6
869,UTAH CENTER FOR REPRODUCTIVE MEDICINE,SALT LAKE CITY,UTAH,2018.0,179.0,83.0,36.0,23.0,60.9,38.6,19.4,21.7
870,REPRODUCTIVE CARE CENTER,SANDY,UTAH,2018.0,241.0,69.0,73.0,24.0,58.9,36.2,28.8,12.5
871,UNIVERSITY OF VERMONT MEDICAL CENTER,BURLINGTON,VERMONT,2018.0,29.0,17.0,10.0,0.0,37.9,29.41176470588235,0.0,0.0
872,NORTHEASTERN REPRODUCTIVE MEDICINE,COLCHESTER,VERMONT,2018.0,82.0,51.0,38.0,16.0,50.0,43.1,21.1,0.0
873,WASHINGTON FERTILITY CENTER,ANNANDALE,VIRGINIA,2018.0,12.0,18.0,6.0,6.0,58.333333333333336,44.44444444444444,0.0,0.0
874,DOMINION FERTILITY AND ENDOCRINOLOGY,ARLINGTON,VIRGINIA,2018.0,173.0,183.0,194.0,157.0,31.2,18.6,10.8,1.3
875,"REPRODUCTIVE MEDICINE AND SURGERY CENTER OF VIRGINIA, PLC",CHARLOTTESVILLE,VIRGINIA,2018.0,120.0,43.0,26.0,15.0,60.8,55.8,38.5,0.0
876,GENETICS & IVF INSTITUTE,FAIRFAX,VIRGINIA,2018.0,35.0,32.0,16.0,26.0,37.1,34.4,0.0,7.7
877,JONES INSTITUTE FOR REPRODUCTIVE MEDICINE,NORFOLK,VIRGINIA,2018.0,106.0,54.0,53.0,21.0,50.0,33.3,24.5,0.0
878,VIRGINIA CENTER FOR REPRODUCTIVE MEDICINE,RESTON,VIRGINIA,2018.0,32.0,20.0,18.0,5.0,59.4,20.0,0.0,0.0
879,SHADY GROVE FERTILITY-RICHMOND,RICHMOND,VIRGINIA,2018.0,128.0,75.0,64.0,27.0,67.2,64.0,35.9,11.1
880,VCU REPRODUCTIVE MEDICINE,RICHMOND,VIRGINIA,2018.0,40.0,31.0,34.0,13.0,42.5,12.9,17.6,0.0
881,CARILION CLINIC REPRODUCTIVE MEDICINE AND FERTILITY,ROANOKE,VIRGINIA,2018.0,0.0,0.0,0.0,0.0,0.0,0.0,0.0,0.0
882,CCRM NORTHERN VIRGINIA,VIENNA,VIRGINIA,2018.0,0.0,0.0,0.0,0.0,0.0,0.0,0.0,0.0
883,THE NEW HOPE CENTER FOR REPRODUCTIVE MEDICINE,VIRGINIA BEACH,VIRGINIA,2018.0,75.0,33.0,37.0,15.0,45.3,27.3,16.2,0.0
884,"OVERLAKE REPRODUCTIVE HEALTH, INC., PS",BELLEVUE,WASHINGTON,2018.0,67.0,35.0,44.0,13.0,47.8,31.4,25.0,0.0
885,BELLINGHAM IVF & INFERTILITY CARE,BELLINGHAM,WASHINGTON,2018.0,18.0,7.0,7.0,0.0,61.111111111111114,0.0,0.0,0.0
886,POMA FERTILITY,KIRKLAND,WASHINGTON,2018.0,139.0,71.0,83.0,21.0,54.0,43.7,26.5,4.8
887,OLYMPIA WOMEN'S HEALTH,OLYMPIA,WASHINGTON,2018.0,20.0,8.0,7.0,0.0,35.0,0.0,0.0,0.0
888,PACIFIC NORTHWEST FERTILITY AND IVF SPECIALISTS,SEATTLE,WASHINGTON,2018.0,123.0,108.0,103.0,51.0,63.4,46.3,31.1,21.6
889,SEATTLE REPRODUCTIVE MEDICINE,SEATTLE,WASHINGTON,2018.0,503.0,317.0,277.0,161.0,54.7,43.5,27.8,11.8
890,"SOUND FERTILITY CARE, PLLC",SEATTLE,WASHINGTON,2018.0,23.0,31.0,26.0,12.0,56.5,38.7,23.1,0.0
891,UNIVERSITY REPRODUCTIVE CARE,SEATTLE,WASHINGTON,2018.0,42.0,28.0,30.0,9.0,28.6,35.7,16.7,0.0
892,CENTER FOR REPRODUCTIVE HEALTH,SPOKANE,WASHINGTON,2018.0,44.0,20.0,15.0,5.0,56.8,45.0,0.0,0.0
893,SRM SPOKANE,SPOKANE VALLEY,WASHINGTON,2018.0,54.0,44.0,13.0,0.0,51.9,20.5,38.46153846153846,0.0
894,MADIGAN ARMY MEDICAL CENTER,TACOMA,WASHINGTON,2018.0,49.0,22.0,6.0,12.0,67.3,36.4,0.0,0.0
895,WEST VIRGINIA UNIVERSITY FERTILITY CENTER,CHARLESTON,WEST VIRGINIA,2018.0,13.0,0.0,6.0,0.0,38.46153846153846,0.0,0.0,0.0
896,CABELL HUNTINGTON HOSPITAL,HUNTINGTON,WEST VIRGINIA,2018.0,18.0,0.0,0.0,0.0,33.333333333333336,0.0,0.0,0.0
897,WEST VIRGINIA UNIVERSITY CENTER FOR REPRODUCTIVE MEDICINE,MORGANTOWN,WEST VIRGINIA,2018.0,61.0,21.0,13.0,5.0,47.5,28.6,0.0,0.0
898,AURORA HEALTH CARE-AURORA FERTILITY SERVICES,GREEN BAY,WISCONSIN,2018.0,60.0,13.0,9.0,5.0,70.0,53.84615384615385,0.0,0.0
899,FROEDTERT & MEDICAL COLLEGE OF WISCONSIN,MENOMONEE FALLS,WISCONSIN,2018.0,124.0,70.0,40.0,12.0,64.5,41.4,27.5,0.0
900,UNIVERSITY OF WISCONSIN-GENERATIONS FERTILITY CARE,MIDDLETON,WISCONSIN,2018.0,82.0,32.0,13.0,0.0,57.3,62.5,38.46153846153846,0.0
901,WISCONSIN FERTILITY INSTITUTE,MIDDLETON,WISCONSIN,2018.0,58.0,29.0,18.0,9.0,62.1,48.3,0.0,0.0
902,REPRODUCTIVE SPECIALTY CENTER,MILWAUKEE,WISCONSIN,2018.0,11.0,9.0,5.0,0.0,45.45454545454545,0.0,0.0,0.0
903,"AURORA HEALTH CARE-AURORA FERTILITY SERVICES, WEST ALLIS",WEST ALLIS,WISCONSIN,2018.0,82.0,24.0,27.0,7.0,51.2,45.8,33.3,0.0
