,PrevClinName1,ClinCityCode,ClinStateCode,Year,ICSI_Rate,PGD_Rate,ND_TransLB1,ND_TransLB2,ND_TransLB3,ND_TransLB4,TotNumCyclesAll,TransFrozEmbAll,ClinicNames,Yelp,fiq
0,REPRODUCTIVE MEDICINE ASSOCIATES OF NEW JERSEY,MORRISTOWN,NEW JERSEY,2008,75,4,48.85,41.25,33.9,18.9,2085,16.93045564,REPRODUCTIVE MEDICINE ASSOCIATES OF NEW JERSEY MORRISTOWN,Reproductive Medicine Associates of New Jersey RMANJ,RMA of New Jersey
1,COLUMBIA UNIVERSITY FERTILITY CENTER,NEW YORK,NEW YORK,2008,58,1,38.8,33.3,26.55,15.03333333,1372,9.548104956,COLUMBIA UNIVERSITY CENTER FOR WOMEN'S REPRODUCTIVE CARE NEW YORK,Columbia University Fertility,Columbia University
2,NEW HOPE FERTILITY CENTER,NEW YORK,NEW YORK,2008,68,1,23.5,20.05,14.3,10.4,1003,41.57527418,THE NEW YORK FERTILITY CENTER FLUSHING,New Hope Fertility Center,New Hope Fertility Center
3,NYU FERTILITY CENTER,NEW YORK,NEW YORK,2008,29,8,39.1,31.85,25.95,17.39230769,1236,14.15857605,THE NEW YORK FERTILITY CENTER FLUSHING,NYU Langone Fertility Center,NYU Langone Fertility Center
4,"REPRODUCTIVE MEDICINE ASSOCIATES OF NEW YORK, LLP",NEW YORK,NEW YORK,2008,54,5,36.15,34.3,24.3,14.73333333,1652,11.86440678,"REPRODUCTIVE MEDICINE ASSOCIATES OF NEW YORK, LLP NEW YORK",RMA of New York,RMA of New York
5,WEILL MEDICAL COLLEGE OF CORNELL UNIVERSITY,NEW YORK,NEW YORK,2008,59,6,41.35,32.9,34.85,20.13333333,2398,9.591326105,WEILL MEDICAL COLLEGE OF CORNELL UNIVERSITY NEW YORK,Weill Cornell Medicine - Center for Reproductive Medicine,Weill Cornell Medical College
6,MAIN LINE FERTILITY AND REPRODUCTIVE MEDICINE,BRYN MAWR,PENNSYLVANIA,2008,22,6,40.35,24.4,16.35,29.7,691,20.54992764,MAIN LINE FERTILITY AND REPRODUCTIVE MEDICINE BRYN MAWR,Main Line Fertility,Main Line Fertility  
7,UNIVERSITY OF PENNSYLVANIA,PHILADELPHIA,PENNSYLVANIA,2008,28,0,33.65,22.15,26.38333333,2.55,496,17.94354839,UNIVERSITY OF PENNSYLVANIA PHILADELPHIA,Penn Fertility Care,University of Pennsylvania Penn Fertility Care
8,SHER INSTITUTE FOR REPRODUCTIVE MEDICINE,BEDMINSTER,NEW JERSEY,2009,87,16,30.73333333,16.26666667,14.15,52.4,230,14.7826087,SHER INSTITUTE FOR REPRODUCTIVE MEDICINE-NEW YORK NEW YORK,Sher Institute For Reproductive Medicine,Sher Fertility of New York
9,REPRODUCTIVE MEDICINE ASSOCIATES OF NEW JERSEY,MORRISTOWN,NEW JERSEY,2009,85,7,61.75,54.35,38.3,26.1,1641,28.82388787,REPRODUCTIVE MEDICINE ASSOCIATES OF NEW JERSEY MORRISTOWN,Reproductive Medicine Associates of New Jersey RMANJ,RMA of New Jersey
10,COLUMBIA UNIVERSITY FERTILITY CENTER,NEW YORK,NEW YORK,2009,56,1,39.85,42.35,19.5,25.92222222,1406,9.459459459,COLUMBIA UNIVERSITY CENTER FOR WOMEN'S REPRODUCTIVE CARE NEW YORK,Columbia University Fertility,Columbia University
11,NEW HOPE FERTILITY CENTER,NEW YORK,NEW YORK,2009,95,2,40.65,33.9,21.75,8.5,995,66.23115578,THE NEW YORK FERTILITY CENTER FLUSHING,New Hope Fertility Center,New Hope Fertility Center
12,NYU FERTILITY CENTER,NEW YORK,NEW YORK,2009,26,11,40.2,33.85,27.95,17.85,993,15.60926485,THE NEW YORK FERTILITY CENTER FLUSHING,NYU Langone Fertility Center,NYU Langone Fertility Center
13,"REPRODUCTIVE MEDICINE ASSOCIATES OF NEW YORK, LLP",NEW YORK,NEW YORK,2009,55,5,34.95,37,25.95,20.31111111,1575,11.23809524,"REPRODUCTIVE MEDICINE ASSOCIATES OF NEW YORK, LLP NEW YORK",RMA of New York,RMA of New York
14,WEILL MEDICAL COLLEGE OF CORNELL UNIVERSITY,NEW YORK,NEW YORK,2009,65,5,41.9,35.2,23.05,13.1,2611,10.45576408,WEILL MEDICAL COLLEGE OF CORNELL UNIVERSITY NEW YORK,Weill Cornell Medicine - Center for Reproductive Medicine,Weill Cornell Medical College
15,MAIN LINE FERTILITY AND REPRODUCTIVE MEDICINE,BRYN MAWR,PENNSYLVANIA,2009,39,7,44.25,36.75,18.8,31.45,624,21.63461538,MAIN LINE FERTILITY AND REPRODUCTIVE MEDICINE BRYN MAWR,Main Line Fertility,Main Line Fertility  
16,REPRODUCTIVE MEDICINE ASSOCIATES OF PHILADELPHIA,KING OF PRUSSIA,PENNSYLVANIA,2009,63,2,48.45,29.48846154,28.81666667,32.8,347,16.71469741,REPRODUCTIVE MEDICINE ASSOCIATES OF PHILADELPHIA KING OF PRUSSIA,RMA of Philadelphia,RMA of Philadelphia
17,UNIVERSITY OF PENNSYLVANIA,PHILADELPHIA,PENNSYLVANIA,2009,42,1,37.60263158,20,15.09285714,12.2,427,14.51990632,UNIVERSITY OF PENNSYLVANIA PHILADELPHIA,Penn Fertility Care,University of Pennsylvania Penn Fertility Care
18,SHER INSTITUTE FOR REPRODUCTIVE MEDICINE,BEDMINSTER,NEW JERSEY,2010,87,16,30.73333333,16.26666667,14.15,52.4,230,14.7826087,SHER INSTITUTE FOR REPRODUCTIVE MEDICINE-NEW YORK NEW YORK,Sher Institute For Reproductive Medicine,Sher Fertility of New York
19,REPRODUCTIVE MEDICINE ASSOCIATES OF NEW JERSEY,MORRISTOWN,NEW JERSEY,2010,85,7,61.75,54.35,38.3,26.1,1641,28.82388787,REPRODUCTIVE MEDICINE ASSOCIATES OF NEW JERSEY MORRISTOWN,Reproductive Medicine Associates of New Jersey RMANJ,RMA of New Jersey
20,COLUMBIA UNIVERSITY FERTILITY CENTER,NEW YORK,NEW YORK,2010,56,1,39.85,42.35,19.5,25.92222222,1406,9.459459459,COLUMBIA UNIVERSITY CENTER FOR WOMEN'S REPRODUCTIVE CARE NEW YORK,Columbia University Fertility,Columbia University
21,NEW HOPE FERTILITY CENTER,NEW YORK,NEW YORK,2010,95,2,40.65,33.9,21.75,8.5,995,66.23115578,THE NEW YORK FERTILITY CENTER FLUSHING,New Hope Fertility Center,New Hope Fertility Center
22,NYU FERTILITY CENTER,NEW YORK,NEW YORK,2010,26,11,40.2,33.85,27.95,17.85,993,15.60926485,THE NEW YORK FERTILITY CENTER FLUSHING,NYU Langone Fertility Center,NYU Langone Fertility Center
23,"REPRODUCTIVE MEDICINE ASSOCIATES OF NEW YORK, LLP",NEW YORK,NEW YORK,2010,55,5,34.95,37,25.95,20.31111111,1575,11.23809524,"REPRODUCTIVE MEDICINE ASSOCIATES OF NEW YORK, LLP NEW YORK",RMA of New York,RMA of New York
24,WEILL MEDICAL COLLEGE OF CORNELL UNIVERSITY,NEW YORK,NEW YORK,2010,65,5,41.9,35.2,23.05,13.1,2611,10.45576408,WEILL MEDICAL COLLEGE OF CORNELL UNIVERSITY NEW YORK,Weill Cornell Medicine - Center for Reproductive Medicine,Weill Cornell Medical College
25,MAIN LINE FERTILITY AND REPRODUCTIVE MEDICINE,BRYN MAWR,PENNSYLVANIA,2010,39,7,44.25,36.75,18.8,31.45,624,21.63461538,MAIN LINE FERTILITY AND REPRODUCTIVE MEDICINE BRYN MAWR,Main Line Fertility,Main Line Fertility  
26,REPRODUCTIVE MEDICINE ASSOCIATES OF PHILADELPHIA,KING OF PRUSSIA,PENNSYLVANIA,2010,63,2,48.45,29.48846154,28.81666667,32.8,347,16.71469741,REPRODUCTIVE MEDICINE ASSOCIATES OF PHILADELPHIA KING OF PRUSSIA,RMA of Philadelphia,RMA of Philadelphia
27,UNIVERSITY OF PENNSYLVANIA,PHILADELPHIA,PENNSYLVANIA,2010,42,1,37.60263158,20,15.09285714,12.2,427,14.51990632,UNIVERSITY OF PENNSYLVANIA PHILADELPHIA,Penn Fertility Care,University of Pennsylvania Penn Fertility Care
28,SHER INSTITUTE FOR REPRODUCTIVE MEDICINE,BEDMINSTER,NEW JERSEY,2011,85,27,32.46666667,37.77857143,11.69285714,4.85,293,11.26279863,SHER INSTITUTE FOR REPRODUCTIVE MEDICINE-NEW YORK NEW YORK,Sher Institute For Reproductive Medicine,Sher Fertility of New York
29,REPRODUCTIVE MEDICINE ASSOCIATES OF NEW JERSEY,MORRISTOWN,NEW JERSEY,2011,81,14,58.4,46.95,40.65,35.2,2088,35.48850575,REPRODUCTIVE MEDICINE ASSOCIATES OF NEW JERSEY MORRISTOWN,Reproductive Medicine Associates of New Jersey RMANJ,RMA of New Jersey
30,COLUMBIA UNIVERSITY FERTILITY CENTER,NEW YORK,NEW YORK,2011,56,2,36.7,33.9,24.4,16.18846154,1794,8.695652174,COLUMBIA UNIVERSITY CENTER FOR WOMEN'S REPRODUCTIVE CARE NEW YORK,Columbia University Fertility,Columbia University
31,NEW HOPE FERTILITY CENTER,NEW YORK,NEW YORK,2011,92,3,35.25,29.25,17.45,10.7,1705,46.2170088,THE NEW YORK FERTILITY CENTER FLUSHING,New Hope Fertility Center,New Hope Fertility Center
32,NYU FERTILITY CENTER,NEW YORK,NEW YORK,2011,27,7,39.55,38.75,22.9,17.15,1440,16.66666667,THE NEW YORK FERTILITY CENTER FLUSHING,NYU Langone Fertility Center,NYU Langone Fertility Center
33,"REPRODUCTIVE MEDICINE ASSOCIATES OF NEW YORK, LLP",NEW YORK,NEW YORK,2011,58,4,47.8,27.65,31,28.57857143,2000,9.7,"REPRODUCTIVE MEDICINE ASSOCIATES OF NEW YORK, LLP NEW YORK",RMA of New York,RMA of New York
34,WEILL MEDICAL COLLEGE OF CORNELL UNIVERSITY,NEW YORK,NEW YORK,2011,66,4,38.2,36.05,29.85,12.7,3263,9.837572786,WEILL MEDICAL COLLEGE OF CORNELL UNIVERSITY NEW YORK,Weill Cornell Medicine - Center for Reproductive Medicine,Weill Cornell Medical College
35,MAIN LINE FERTILITY AND REPRODUCTIVE MEDICINE,BRYN MAWR,PENNSYLVANIA,2011,50,11,43,37,15.55,12.13333333,833,14.4057623,MAIN LINE FERTILITY AND REPRODUCTIVE MEDICINE BRYN MAWR,Main Line Fertility,Main Line Fertility  
36,REPRODUCTIVE MEDICINE ASSOCIATES OF PHILADELPHIA,KING OF PRUSSIA,PENNSYLVANIA,2011,67,4,29.3,41.17777778,13.2,20.51666667,454,16.96035242,REPRODUCTIVE MEDICINE ASSOCIATES OF PHILADELPHIA KING OF PRUSSIA,RMA of Philadelphia,RMA of Philadelphia
37,UNIVERSITY OF PENNSYLVANIA,PHILADELPHIA,PENNSYLVANIA,2011,26,3,33.75,34.47727273,32.75,3.4,524,9.160305344,UNIVERSITY OF PENNSYLVANIA PHILADELPHIA,Penn Fertility Care,University of Pennsylvania Penn Fertility Care
38,SHER INSTITUTE FOR REPRODUCTIVE MEDICINE,BEDMINSTER,NEW JERSEY,2012,87,24,39,31.53571429,17.71111111,32.5,264,16.66666667,SHER INSTITUTE FOR REPRODUCTIVE MEDICINE-NEW YORK NEW YORK,Sher Institute For Reproductive Medicine,Sher Fertility of New York
39,REPRODUCTIVE MEDICINE ASSOCIATES OF NEW JERSEY,MORRISTOWN,NEW JERSEY,2012,83,25,60.6,52.6,43.3,28.75,4045,27.51545117,REPRODUCTIVE MEDICINE ASSOCIATES OF NEW JERSEY MORRISTOWN,Reproductive Medicine Associates of New Jersey RMANJ,RMA of New Jersey
40,COLUMBIA UNIVERSITY FERTILITY CENTER,NEW YORK,NEW YORK,2012,58,3,37.5,27.4,24.4,9.332352941,1756,9.282460137,COLUMBIA UNIVERSITY CENTER FOR WOMEN'S REPRODUCTIVE CARE NEW YORK,Columbia University Fertility,Columbia University
41,NEW HOPE FERTILITY CENTER,NEW YORK,NEW YORK,2012,81,4,48.7,39.65,25.55,14.75,4441,19.770322,THE NEW YORK FERTILITY CENTER FLUSHING,New Hope Fertility Center,New Hope Fertility Center
42,NYU FERTILITY CENTER,NEW YORK,NEW YORK,2012,28,2,46.35,41.35,34.05,37,2032,15.6003937,THE NEW YORK FERTILITY CENTER FLUSHING,NYU Langone Fertility Center,NYU Langone Fertility Center
43,"REPRODUCTIVE MEDICINE ASSOCIATES OF NEW YORK, LLP",NEW YORK,NEW YORK,2012,56,4,48.4,42.2,22,24.56666667,2272,10.82746479,"REPRODUCTIVE MEDICINE ASSOCIATES OF NEW YORK, LLP NEW YORK",RMA of New York,RMA of New York
44,WEILL MEDICAL COLLEGE OF CORNELL UNIVERSITY,NEW YORK,NEW YORK,2012,69,5,44.45,37.55,24.15,22.15,3388,10.95041322,WEILL MEDICAL COLLEGE OF CORNELL UNIVERSITY NEW YORK,Weill Cornell Medicine - Center for Reproductive Medicine,Weill Cornell Medical College
45,MAIN LINE FERTILITY AND REPRODUCTIVE MEDICINE,BRYN MAWR,PENNSYLVANIA,2012,43,7,42.05,30,22.1,20.40789474,1132,16.51943463,MAIN LINE FERTILITY AND REPRODUCTIVE MEDICINE BRYN MAWR,Main Line Fertility,Main Line Fertility  
46,REPRODUCTIVE MEDICINE ASSOCIATES OF PHILADELPHIA,KING OF PRUSSIA,PENNSYLVANIA,2012,66,2,46.55,30.5,13.48333333,0,453,15.67328918,REPRODUCTIVE MEDICINE ASSOCIATES OF PHILADELPHIA KING OF PRUSSIA,RMA of Philadelphia,RMA of Philadelphia
47,UNIVERSITY OF PENNSYLVANIA,PHILADELPHIA,PENNSYLVANIA,2012,35,4,26.05,25,36.05,6.5,447,9.619686801,UNIVERSITY OF PENNSYLVANIA PHILADELPHIA,Penn Fertility Care,University of Pennsylvania Penn Fertility Care
48,SHER INSTITUTE FOR REPRODUCTIVE MEDICINE,ASBURY,NEW JERSEY,2013,92,30,26.05,26.13636364,13.7,2.941176471,244,20.90163934,SHER INSTITUTE FOR REPRODUCTIVE MEDICINE-NEW YORK NEW YORK,Sher Institute For Reproductive Medicine,Sher Fertility of New York
49,REPRODUCTIVE MEDICINE ASSOCIATES OF NEW JERSEY,BASKING RIDGE,NEW JERSEY,2013,85,32,58.6,52.25,39.6,29.65,4925,31.16751269,REPRODUCTIVE MEDICINE ASSOCIATES OF NEW JERSEY BASKING RIDGE,Reproductive Medicine Associates of New Jersey RMANJ,RMA of New Jersey
50,COLUMBIA UNIVERSITY FERTILITY CENTER,NEW YORK,NEW YORK,2013,60,2,26.5,29.4,20.15,25.04444444,1667,12.5974805,COLUMBIA UNIVERSITY CENTER FOR WOMEN'S REPRODUCTIVE CARE NEW YORK,Columbia University Fertility,Columbia University
51,NEW HOPE FERTILITY CENTER,NEW YORK,NEW YORK,2013,78,2,48.15,34.7,25.65,20.45,4174,19.1183517,NEW HOPE FERTILITY CENTER NEW YORK,New Hope Fertility Center,New Hope Fertility Center
52,NYU FERTILITY CENTER,NEW YORK,NEW YORK,2013,31,2,44,45.4,29.35,34.9,2140,16.82242991,THE NEW YORK FERTILITY CENTER FLUSHING,NYU Langone Fertility Center,NYU Langone Fertility Center
53,"REPRODUCTIVE MEDICINE ASSOCIATES OF NEW YORK, LLP",NEW YORK,NEW YORK,2013,52,7,46.7,42.05,29.45,30.3,2656,15.96385542,"REPRODUCTIVE MEDICINE ASSOCIATES OF NEW YORK, LLP NEW YORK",RMA of New York,RMA of New York
54,WEILL MEDICAL COLLEGE OF CORNELL UNIVERSITY,NEW YORK,NEW YORK,2013,65,3,40.5,39.25,28.95,25.95,3688,12.63557484,WEILL MEDICAL COLLEGE OF CORNELL UNIVERSITY NEW YORK,Weill Cornell Medicine - Center for Reproductive Medicine,Weill Cornell Medical College
55,MAIN LINE FERTILITY AND REPRODUCTIVE MEDICINE,BRYN MAWR,PENNSYLVANIA,2013,33,12,33.9,27.2,20.1,20.8,1158,17.61658031,MAIN LINE FERTILITY AND REPRODUCTIVE MEDICINE BRYN MAWR,Main Line Fertility,Main Line Fertility  
56,REPRODUCTIVE MEDICINE ASSOCIATES OF PHILADELPHIA,KING OF PRUSSIA,PENNSYLVANIA,2013,68,5,46.25,34.95,28.45588235,15.55,581,17.90017212,REPRODUCTIVE MEDICINE ASSOCIATES OF PHILADELPHIA KING OF PRUSSIA,RMA of Philadelphia,RMA of Philadelphia
57,UNIVERSITY OF PENNSYLVANIA,PHILADELPHIA,PENNSYLVANIA,2013,46,3,39,31.15,13.95,8.05,646,20.12383901,UNIVERSITY OF PENNSYLVANIA PHILADELPHIA,Penn Fertility Care,University of Pennsylvania Penn Fertility Care
58,SHER INSTITUTE FOR REPRODUCTIVE MEDICINE,ASBURY,NEW JERSEY,2014,80,23,35.15,20.58181818,16.35,27.94117647,243,20.98765432,SHER INSTITUTE FOR REPRODUCTIVE MEDICINE-NEW YORK NEW YORK,Sher Institute For Reproductive Medicine,Sher Fertility of New York
59,REPRODUCTIVE MEDICINE ASSOCIATES OF NEW JERSEY,BASKING RIDGE,NEW JERSEY,2014,85,36,46.6,43.4,35.15,25.35,4975,36.98492462,REPRODUCTIVE MEDICINE ASSOCIATES OF NEW JERSEY BASKING RIDGE,Reproductive Medicine Associates of New Jersey RMANJ,RMA of New Jersey
60,COLUMBIA UNIVERSITY FERTILITY CENTER,NEW YORK,NEW YORK,2014,61,1,34.5,31.25,24,20.35714286,1611,13.71818746,COLUMBIA UNIVERSITY CENTER FOR WOMEN'S REPRODUCTIVE CARE NEW YORK,Columbia University Fertility,Columbia University
61,NEW HOPE FERTILITY CENTER,NEW YORK,NEW YORK,2014,52,3,36.85,23.85,21.8,10.6,5482,13.00620212,NEW HOPE FERTILITY CENTER NEW YORK,New Hope Fertility Center,New Hope Fertility Center
62,NYU FERTILITY CENTER,NEW YORK,NEW YORK,2014,28,2,38.35,38.4,30.4,22.1,2372,21.50084317,THE NEW YORK FERTILITY CENTER FLUSHING,NYU Langone Fertility Center,NYU Langone Fertility Center
63,"REPRODUCTIVE MEDICINE ASSOCIATES OF NEW YORK, LLP",NEW YORK,NEW YORK,2014,54,11,50.25,45.4,34.35,30.95,3370,18.1305638,"REPRODUCTIVE MEDICINE ASSOCIATES OF NEW YORK, LLP NEW YORK",RMA of New York,RMA of New York
64,WEILL MEDICAL COLLEGE OF CORNELL UNIVERSITY,NEW YORK,NEW YORK,2014,68,2,42.1,37.25,31.3,19.65,4221,15.94408908,WEILL MEDICAL COLLEGE OF CORNELL UNIVERSITY NEW YORK,Weill Cornell Medicine - Center for Reproductive Medicine,Weill Cornell Medical College
65,MAIN LINE FERTILITY AND REPRODUCTIVE MEDICINE,BRYN MAWR,PENNSYLVANIA,2014,33,6,32.9,35.25,25.15,28.98333333,1263,17.57719715,MAIN LINE FERTILITY AND REPRODUCTIVE MEDICINE BRYN MAWR,Main Line Fertility,Main Line Fertility  
66,REPRODUCTIVE MEDICINE ASSOCIATES OF PHILADELPHIA,KING OF PRUSSIA,PENNSYLVANIA,2014,60,9,43.45,37.15,35.55,22.41666667,755,25.69536424,REPRODUCTIVE MEDICINE ASSOCIATES OF PHILADELPHIA KING OF PRUSSIA,RMA of Philadelphia,RMA of Philadelphia
67,UNIVERSITY OF PENNSYLVANIA,PHILADELPHIA,PENNSYLVANIA,2014,65,1,42.85,28,31.6,16.95,946,23.04439746,UNIVERSITY OF PENNSYLVANIA PHILADELPHIA,Penn Fertility Care,University of Pennsylvania Penn Fertility Care
68,SHER INSTITUTE FOR REPRODUCTIVE MEDICINE,ASBURY,NEW JERSEY,2015,81,17,23.45,27.5,16.11111111,0,199,24.12060302,SHER INSTITUTE FOR REPRODUCTIVE MEDICINE-NEW YORK NEW YORK,Sher Institute For Reproductive Medicine,Sher Fertility of New York
69,REPRODUCTIVE MEDICINE ASSOCIATES OF NEW JERSEY,BASKING RIDGE,NEW JERSEY,2015,89,43,44.8,41.1,36.65,30.2,5379,36.95854248,REPRODUCTIVE MEDICINE ASSOCIATES OF NEW JERSEY BASKING RIDGE,Reproductive Medicine Associates of New Jersey RMANJ,RMA of New Jersey
70,COLUMBIA UNIVERSITY FERTILITY CENTER,NEW YORK,NEW YORK,2015,53,1,28.35,25.8,13.85,13.15,1505,17.34219269,COLUMBIA UNIVERSITY CENTER FOR WOMEN'S REPRODUCTIVE CARE NEW YORK,Columbia University Fertility,Columbia University
71,NEW HOPE FERTILITY CENTER,NEW YORK,NEW YORK,2015,50,2,39.9,31,20,16.3,2938,20.8645337,NEW HOPE FERTILITY CENTER NEW YORK,New Hope Fertility Center,New Hope Fertility Center
72,NYU FERTILITY CENTER,NEW YORK,NEW YORK,2015,28,3,43,30.45,28.5,28.3,2727,22.80894756,THE NEW YORK FERTILITY CENTER FLUSHING,NYU Langone Fertility Center,NYU Langone Fertility Center
73,"REPRODUCTIVE MEDICINE ASSOCIATES OF NEW YORK, LLP",NEW YORK,NEW YORK,2015,58,16,48.1,39.3,29.55,23.45,3997,27.24543408,"REPRODUCTIVE MEDICINE ASSOCIATES OF NEW YORK, LLP NEW YORK",RMA of New York,RMA of New York
74,WEILL MEDICAL COLLEGE OF CORNELL UNIVERSITY,NEW YORK,NEW YORK,2015,67,2,37.9,35.6,30.1,23.1,5031,18.96243292,WEILL MEDICAL COLLEGE OF CORNELL UNIVERSITY NEW YORK,Weill Cornell Medicine - Center for Reproductive Medicine,Weill Cornell Medical College
75,MAIN LINE FERTILITY AND REPRODUCTIVE MEDICINE,BRYN MAWR,PENNSYLVANIA,2015,29,4,38,34.9,25.8,15.17631579,1354,23.41211226,MAIN LINE FERTILITY AND REPRODUCTIVE MEDICINE BRYN MAWR,Main Line Fertility,Main Line Fertility  
76,REPRODUCTIVE MEDICINE ASSOCIATES OF PHILADELPHIA,KING OF PRUSSIA,PENNSYLVANIA,2015,75,13,36.85,38.25,21.45,18.85,986,28.09330629,REPRODUCTIVE MEDICINE ASSOCIATES OF PHILADELPHIA KING OF PRUSSIA,RMA of Philadelphia,RMA of Philadelphia
77,UNIVERSITY OF PENNSYLVANIA,PHILADELPHIA,PENNSYLVANIA,2015,72,1,39,33.05,20.85,27.55,1032,31.78294574,UNIVERSITY OF PENNSYLVANIA PHILADELPHIA,Penn Fertility Care,University of Pennsylvania Penn Fertility Care
78,SHER INSTITUTE FOR REPRODUCTIVE MEDICINE,ASBURY,NEW JERSEY,2016,83,33,35.625,11.76470588,18.13186813,25,200,23,SHER INSTITUTE FOR REPRODUCTIVE MEDICINE-NEW YORK NEW YORK,Sher Institute For Reproductive Medicine,Sher Fertility of New York
79,REPRODUCTIVE MEDICINE ASSOCIATES OF NEW JERSEY,BASKING RIDGE,NEW JERSEY,2016,77,54,36.85,33.25,29.25,24.4,6829,39.84477962,REPRODUCTIVE MEDICINE ASSOCIATES OF NEW JERSEY BASKING RIDGE,Reproductive Medicine Associates of New Jersey RMANJ,RMA of New Jersey
80,COLUMBIA UNIVERSITY FERTILITY CENTER,NEW YORK,NEW YORK,2016,57,12,28.95,21.9,19.45,22.85,1434,20.29288703,COLUMBIA UNIVERSITY CENTER FOR WOMEN'S REPRODUCTIVE CARE NEW YORK,Columbia University Fertility,Columbia University
81,NEW HOPE FERTILITY CENTER,NEW YORK,NEW YORK,2016,46,25,36.45,28.1,23.75,17.2,4123,16.08052389,THE NEW YORK FERTILITY CENTER FLUSHING,New Hope Fertility Center,New Hope Fertility Center
82,NYU FERTILITY CENTER,NEW YORK,NEW YORK,2016,27,45,41.65,37.3,32.35,31,2944,23.33559783,NEW HOPE FERTILITY CENTER NEW YORK,NYU Langone Fertility Center,NYU Langone Fertility Center
83,"REPRODUCTIVE MEDICINE ASSOCIATES OF NEW YORK, LLP",NEW YORK,NEW YORK,2016,67,43,44.65,37.05,26.15,22.4,4862,31.65364048,"REPRODUCTIVE MEDICINE ASSOCIATES OF NEW YORK, LLP NEW YORK",RMA of New York,RMA of New York
84,WEILL MEDICAL COLLEGE OF CORNELL UNIVERSITY,NEW YORK,NEW YORK,2016,70,11,41.15,35.2,29.65,28.05,5289,20.0226886,WEILL CORNELL MEDICINE NEW YORK,Weill Cornell Medicine - Center for Reproductive Medicine,Weill Cornell Medical College
85,MAIN LINE FERTILITY AND REPRODUCTIVE MEDICINE,BRYN MAWR,PENNSYLVANIA,2016,33,22,36.7,39.2,16,21.05,1182,25.8037225,MAIN LINE FERTILITY AND REPRODUCTIVE MEDICINE BRYN MAWR,Main Line Fertility,Main Line Fertility  
86,REPRODUCTIVE MEDICINE ASSOCIATES OF PHILADELPHIA,KING OF PRUSSIA,PENNSYLVANIA,2016,69,29,35.75,28.15,24,26.8,1320,33.25757576,REPRODUCTIVE MEDICINE ASSOCIATES OF PHILADELPHIA KING OF PRUSSIA,RMA of Philadelphia,RMA of Philadelphia
87,UNIVERSITY OF PENNSYLVANIA,PHILADELPHIA,PENNSYLVANIA,2016,65,14,39.65,38.1,32.45,20.6,1247,29.59101844,UNIVERSITY OF PENNSYLVANIA PHILADELPHIA,Penn Fertility Care,University of Pennsylvania Penn Fertility Care
88,REPRODUCTIVE MEDICINE ASSOCIATES OF NEW JERSEY,BASKING RIDGE,NEW JERSEY,2017,83.8,72.1,66.2,60.2,55.9,43.9,7074,100,REPRODUCTIVE MEDICINE ASSOCIATES OF NEW JERSEY BASKING RIDGE,Reproductive Medicine Associates of New Jersey RMANJ,RMA of New Jersey
89,CCRM NEW YORK,NEW YORK,NEW YORK,2017,83.7,93.1,22.22222222,33.33333333,50,66.66666667,942,95.9,CCRM NEW YORK NEW YORK,CCRM Fertility New York,CCRM New York
90,COLUMBIA UNIVERSITY FERTILITY CENTER,NEW YORK,NEW YORK,2017,73.9,14.2,33,27.2,31,24,1150,64.5,COLUMBIA UNIVERSITY FERTILITY CENTER NEW YORK,Columbia University Fertility,Columbia University
91,EXTEND FERTILITY-EXPECT FERTILITY,NEW YORK,NEW YORK,2017,100,92.30769231,,,,,716,100,EXTEND FERTILITY-EXPECT FERTILITY NEW YORK,Extend Fertility,Extend Fertility
92,NEW HOPE FERTILITY CENTER,NEW YORK,NEW YORK,2017,54.6,62.3,53.3,57.6,49,27.6,5054,92.1,THE NEW YORK FERTILITY CENTER FLUSHING,New Hope Fertility Center,New Hope Fertility Center
93,NYU FERTILITY CENTER,NEW YORK,NEW YORK,2017,35,66.5,54,55.2,47.8,37.7,3057,80.8,NEW HOPE FERTILITY CENTER NEW YORK,NYU Langone Fertility Center,NYU Langone Fertility Center
94,"REPRODUCTIVE MEDICINE ASSOCIATES OF NEW YORK, LLP",NEW YORK,NEW YORK,2017,82.7,67.2,52.5,48.5,41.3,32.4,5633,81.5,"REPRODUCTIVE MEDICINE ASSOCIATES OF NEW YORK, LLP NEW YORK",RMA of New York,RMA of New York
95,WEILL MEDICAL COLLEGE OF CORNELL UNIVERSITY,NEW YORK,NEW YORK,2017,85.3,19.8,45.4,38.7,31.8,21.8,5790,45.2,WEILL CORNELL MEDICINE NEW YORK,Weill Cornell Medicine - Center for Reproductive Medicine,Weill Cornell Medical College
96,MAIN LINE FERTILITY AND REPRODUCTIVE MEDICINE,BRYN MAWR,PENNSYLVANIA,2017,36.6,28.8,45.3,44.2,25.6,25,1210,59.2,MAIN LINE FERTILITY AND REPRODUCTIVE MEDICINE BRYN MAWR,Main Line Fertility,Main Line Fertility  
97,REPRODUCTIVE MEDICINE ASSOCIATES OF PHILADELPHIA,KING OF PRUSSIA,PENNSYLVANIA,2017,68.2,33.7,41.3,34.1,34.7,38.1,1381,80.5,REPRODUCTIVE MEDICINE ASSOCIATES OF PHILADELPHIA KING OF PRUSSIA,RMA of Philadelphia,RMA of Philadelphia
98,UNIVERSITY OF PENNSYLVANIA,PHILADELPHIA,PENNSYLVANIA,2017,73,18.5,50.6,49.7,37.3,22.6,1235,65.5,UNIVERSITY OF PENNSYLVANIA PHILADELPHIA,Penn Fertility Care,University of Pennsylvania Penn Fertility Care
99,REPRODUCTIVE MEDICINE ASSOCIATES OF NEW JERSEY,BASKING RIDGE,NEW JERSEY,2018,87.2,76.9,67.3,62.8,57.5,59.4,6981,100,REPRODUCTIVE MEDICINE ASSOCIATES OF NEW JERSEY BASKING RIDGE,Reproductive Medicine Associates of New Jersey RMANJ,RMA of New Jersey
100,NYU FERTILITY CENTER,MINEOLA,NEW YORK,2018,55.1,25.5,47.1,34.9,23.7,25.5,1394,65.4,NYU LANGONE REPRODUCTIVE SPECIALISTS OF NEW YORK MINEOLA,NYU Langone Fertility Center,NYU Langone Fertility Center
101,CCRM NEW YORK,NEW YORK,NEW YORK,2018,88.9,94.3,47.4,50.9,40.7,0,1389,96,CCRM NEW YORK NEW YORK,CCRM Fertility New York,CCRM New York
102,COLUMBIA UNIVERSITY FERTILITY CENTER,NEW YORK,NEW YORK,2018,79.7,37.5,39.5,29,40,18.8,1384,81.7,COLUMBIA UNIVERSITY FERTILITY CENTER NEW YORK,Columbia University Fertility,Columbia University
103,EXTEND FERTILITY-EXPECT FERTILITY,NEW YORK,NEW YORK,2018,50,79.2,0,0,0,,1205,95.8,EXTEND FERTILITY-EXPECT FERTILITY NEW YORK,Extend Fertility,Extend Fertility
104,NEW HOPE FERTILITY CENTER,NEW YORK,NEW YORK,2018,71.9,68.4,59.6,55.6,49.1,36.5,4891,91.2,NEW HOPE FERTILITY CENTER NEW YORK,New Hope Fertility Center,New Hope Fertility Center
105,NYU FERTILITY CENTER,NEW YORK,NEW YORK,2018,39.7,73.6,59.9,58.7,58.9,42.1,3138,85.9,NYU LANGONE FERTILITY CENTER NEW YORK,NYU Langone Fertility Center,NYU Langone Fertility Center
106,"REPRODUCTIVE MEDICINE ASSOCIATES OF NEW YORK, LLP",NEW YORK,NEW YORK,2018,87.6,69.1,52.3,52.4,44.8,39.5,5536,83.7,"REPRODUCTIVE MEDICINE ASSOCIATES OF NEW YORK, LLP NEW YORK",RMA of New York,RMA of New York
107,SHER INSTITUTE FOR REPRODUCTIVE MEDICINE,NEW YORK,NEW YORK,2018,87.9,33.5,47.5,42.5,28.4,22,1181,78.3,SHER INSTITUTE FOR REPRODUCTIVE MEDICINE-NEW YORK NEW YORK,Sher Institute For Reproductive Medicine,Sher Fertility of New York
108,WEILL MEDICAL COLLEGE OF CORNELL UNIVERSITY,NEW YORK,NEW YORK,2018,88.5,21.2,48.5,38.7,36.5,20.7,5808,49.5,WEILL CORNELL MEDICINE NEW YORK,Weill Cornell Medicine - Center for Reproductive Medicine,Weill Cornell Medical College
109,MAIN LINE FERTILITY AND REPRODUCTIVE MEDICINE,BRYN MAWR,PENNSYLVANIA,2018,41.6,38.6,39.9,39.3,32.6,19,1297,67,MAIN LINE FERTILITY AND REPRODUCTIVE MEDICINE BRYN MAWR,Main Line Fertility,Main Line Fertility  
110,REPRODUCTIVE MEDICINE ASSOCIATES OF PHILADELPHIA,KING OF PRUSSIA,PENNSYLVANIA,2018,70.6,44,45.9,41.3,40.3,0,1521,89.2,REPRODUCTIVE MEDICINE ASSOCIATES OF PHILADELPHIA KING OF PRUSSIA,RMA of Philadelphia,RMA of Philadelphia
111,UNIVERSITY OF PENNSYLVANIA,PHILADELPHIA,PENNSYLVANIA,2018,70.3,21.2,42.7,38.3,41.5,26.5,1288,66.2,UNIVERSITY OF PENNSYLVANIA PHILADELPHIA,Penn Fertility Care,University of Pennsylvania Penn Fertility Care